og_id,consensus_product,total_member_count,total_organism_count,proc_strains,proc_members,proc_hypo_members,frac_hypo,tier,is_hypothetical,breadth,n_significant_datapoints,best_rank,max_abs_log2fc,direction,direction_by_treatment,n_tested_datapoints,pct_datapoints_de,n_members_with_de,dominant_category,responded,is_broad,is_prominent,is_highlight,n_treatments_tested,response_rate
cyanorak:CK_00000141,uncharacterized conserved secreted protein,28,17,13,22,22,1.0,broad,True,9,32,1.0,6.6,mixed,"{'carbon': 'mixed', 'coculture': 'down', 'darkness': 'mixed', 'growth_phase': 'up', 'iron': 'mixed', 'light': 'mixed', 'nitrogen': 'mixed', 'plastic': 'up', 'salt': 'mixed'}",,,7.0,Unknown,True,True,True,True,9,1.0
cyanorak:CK_00019843,conserved hypothetical protein,23,16,15,22,22,1.0,core,True,9,31,1.0,8.66,mixed,"{'carbon': 'up', 'coculture': 'up', 'darkness': 'mixed', 'iron': 'mixed', 'nitrogen': 'mixed', 'phosphorus': 'down', 'plastic': 'mixed', 'salt': 'mixed', 'viral': 'up'}",,,7.0,Unknown,True,True,True,True,9,1.0
cyanorak:CK_00055271,conserved hypothetical protein,21,21,17,17,17,1.0,core,True,8,27,4.0,3.49,mixed,"{'carbon': 'up', 'coculture': 'up', 'darkness': 'mixed', 'light': 'down', 'nitrogen': 'up', 'phosphorus': 'down', 'plastic': 'mixed', 'salt': 'up'}",,,6.0,Unknown,True,True,False,True,8,1.0
cyanorak:CK_00045004,conserved hypothetical protein family PM-17,20,14,14,20,20,1.0,core,True,7,38,1.0,9.3,mixed,"{'carbon': 'up', 'coculture': 'down', 'darkness': 'mixed', 'light': 'up', 'nitrogen': 'mixed', 'plastic': 'up', 'salt': 'up'}",,,5.0,Unknown,True,True,True,True,7,1.0
cyanorak:CK_00001734,conserved hypothetical protein,19,19,17,17,17,1.0,core,True,7,25,2.0,9.6,mixed,"{'darkness': 'mixed', 'growth_phase': 'up', 'light': 'up', 'nitrogen': 'mixed', 'plastic': 'up', 'salt': 'up', 'viral': 'down'}",,,7.0,Unknown,True,True,True,True,9,0.7777777777777778
cyanorak:CK_00046153,conserved hypothetical protein,22,21,17,18,18,1.0,core,True,7,21,17.0,7.8,mixed,"{'carbon': 'mixed', 'coculture': 'down', 'darkness': 'mixed', 'light': 'down', 'nitrogen': 'mixed', 'plastic': 'down', 'salt': 'down'}",,,4.0,Unknown,True,True,False,True,7,1.0
cyanorak:CK_00004021,uncharacterized conserved membrane protein,18,14,14,18,18,1.0,core,True,7,21,3.0,7.33,mixed,"{'carbon': 'up', 'coculture': 'down', 'darkness': 'mixed', 'growth_phase': 'up', 'nitrogen': 'up', 'plastic': 'up', 'salt': 'up'}",,,6.0,Unknown,True,True,True,True,7,1.0
cyanorak:CK_00000653,conserved hypothetical protein,21,21,17,17,17,1.0,core,True,7,19,4.0,6.8,mixed,"{'carbon': 'up', 'coculture': 'up', 'darkness': 'down', 'nitrogen': 'up', 'plastic': 'up', 'salt': 'up', 'viral': 'down'}",,,6.0,Unknown,True,True,False,True,7,1.0
cyanorak:CK_00001157,conserved hypothetical protein,21,21,17,17,17,1.0,core,True,7,16,8.0,2.56,mixed,"{'carbon': 'down', 'coculture': 'down', 'darkness': 'mixed', 'light': 'up', 'nitrogen': 'up', 'salt': 'down', 'viral': 'up'}",,,4.0,Unknown,True,True,False,True,7,1.0
cyanorak:CK_00001473,conserved hypothetical protein,21,21,17,17,17,1.0,core,True,7,14,14.0,6.64,mixed,"{'darkness': 'up', 'growth_phase': 'up', 'iron': 'mixed', 'nitrogen': 'down', 'plastic': 'down', 'salt': 'up', 'viral': 'up'}",,,6.0,Unknown,True,True,False,True,8,0.875
cyanorak:CK_00045754,conserved hypothetical protein,20,16,12,15,15,1.0,broad,True,6,35,3.0,10.81,mixed,"{'coculture': 'mixed', 'darkness': 'up', 'iron': 'mixed', 'nitrogen': 'mixed', 'plastic': 'up', 'viral': 'up'}",,,4.0,Unknown,True,True,True,True,6,1.0
cyanorak:CK_00000840,conserved hypothetical protein,21,21,17,17,17,1.0,core,True,6,26,14.0,4.33,mixed,"{'carbon': 'down', 'darkness': 'mixed', 'nitrogen': 'mixed', 'plastic': 'mixed', 'salt': 'down', 'viral': 'up'}",,,5.0,Unknown,True,True,False,True,7,0.8571428571428571
cyanorak:CK_00001476,conserved hypothetical protein,21,21,17,17,17,1.0,core,True,6,25,6.0,4.12,mixed,"{'carbon': 'mixed', 'coculture': 'up', 'darkness': 'mixed', 'nitrogen': 'mixed', 'salt': 'up', 'viral': 'up'}",,,6.0,Unknown,True,True,False,True,6,1.0
cyanorak:CK_00043005,conserved hypothetical protein,15,15,14,14,14,1.0,core,True,6,25,5.0,4.46,mixed,"{'darkness': 'mixed', 'growth_phase': 'down', 'iron': 'mixed', 'nitrogen': 'up', 'plastic': 'up', 'salt': 'down'}",,,5.0,Unknown,True,True,False,True,7,0.8571428571428571
cyanorak:CK_00041192,conserved hypothetical protein,21,21,17,17,17,1.0,core,True,6,24,3.0,6.58,mixed,"{'carbon': 'down', 'coculture': 'down', 'darkness': 'down', 'nitrogen': 'mixed', 'salt': 'up', 'viral': 'up'}",,,4.0,Unknown,True,True,True,True,6,1.0
cyanorak:CK_00003473,"uncharacterized secreted protein, Prochlorococcus-specific",20,17,17,20,20,1.0,core,True,6,22,2.0,12.26,mixed,"{'coculture': 'down', 'darkness': 'mixed', 'nitrogen': 'down', 'phosphorus': 'down', 'salt': 'down', 'viral': 'down'}",,,5.0,Unknown,True,True,True,True,7,0.8571428571428571
cyanorak:CK_00000679,conserved hypothetical protein,21,21,17,17,17,1.0,core,True,6,20,23.0,6.69,mixed,"{'darkness': 'mixed', 'growth_phase': 'down', 'light': 'down', 'nitrogen': 'mixed', 'phosphorus': 'down', 'salt': 'mixed'}",,,6.0,Unknown,True,True,False,True,8,0.75
cyanorak:CK_00047022,conserved hypothetical protein,14,14,14,14,14,1.0,core,True,6,20,33.0,7.23,mixed,"{'carbon': 'up', 'coculture': 'up', 'darkness': 'mixed', 'growth_phase': 'up', 'nitrogen': 'mixed', 'salt': 'down'}",,,5.0,Unknown,True,True,False,True,6,1.0
cyanorak:CK_00000284,Conserved hypothetical protein,21,21,17,17,17,1.0,core,True,6,18,2.0,6.12,mixed,"{'carbon': 'up', 'darkness': 'mixed', 'growth_phase': 'down', 'nitrogen': 'up', 'plastic': 'down', 'salt': 'mixed'}",,,6.0,Unknown,True,True,True,True,7,0.8571428571428571
cyanorak:CK_00049482,conserved hypothetical protein,21,21,17,17,17,1.0,core,True,6,18,2.0,13.05,mixed,"{'coculture': 'down', 'darkness': 'mixed', 'nitrogen': 'down', 'plastic': 'up', 'salt': 'mixed', 'viral': 'up'}",,,6.0,Unknown,True,True,True,True,6,1.0
cyanorak:CK_00001345,uncharacterized conserved secreted protein,21,21,17,17,16,0.9411764705882352,core,True,6,18,8.0,13.27,mixed,"{'coculture': 'down', 'darkness': 'mixed', 'nitrogen': 'down', 'plastic': 'down', 'salt': 'down', 'viral': 'up'}",,,5.0,Unknown,True,True,True,True,7,0.8571428571428571
cyanorak:CK_00045976,conserved hypothetical protein,18,18,14,14,14,1.0,core,True,6,18,19.0,4.02,mixed,"{'carbon': 'mixed', 'darkness': 'mixed', 'iron': 'mixed', 'nitrogen': 'up', 'plastic': 'up', 'salt': 'up'}",,,5.0,Unknown,True,True,False,True,7,0.8571428571428571
cyanorak:CK_00005948,conserved hypothetical protein,17,17,13,13,13,1.0,broad,True,6,18,10.0,4.1,mixed,"{'carbon': 'down', 'growth_phase': 'up', 'light': 'down', 'nitrogen': 'down', 'plastic': 'down', 'salt': 'down'}",,,4.0,Unknown,True,True,False,True,7,0.8571428571428571
cyanorak:CK_00044538,conserved hypothetical protein,16,16,16,16,15,0.9375,core,True,6,17,20.0,4.92,mixed,"{'coculture': 'up', 'darkness': 'down', 'light': 'up', 'nitrogen': 'down', 'plastic': 'down', 'salt': 'up'}",,,5.0,Unknown,True,True,False,True,6,1.0
cyanorak:CK_00051095,Conserved hypothetical protein,13,13,13,13,13,1.0,broad,True,6,17,4.0,5.04,mixed,"{'carbon': 'down', 'coculture': 'up', 'darkness': 'mixed', 'growth_phase': 'down', 'nitrogen': 'down', 'salt': 'down'}",,,4.0,Unknown,True,True,False,True,6,1.0
cyanorak:CK_00001731,conserved hypothetical protein,20,17,15,18,18,1.0,core,True,6,14,9.0,2.84,mixed,"{'carbon': 'down', 'coculture': 'up', 'darkness': 'up', 'growth_phase': 'up', 'nitrogen': 'mixed', 'salt': 'mixed'}",,,7.0,Unknown,True,True,False,True,6,1.0
cyanorak:CK_00000498,HesB-like domain-containing protein,23,21,17,19,19,1.0,core,True,6,11,71.0,11.29,mixed,"{'carbon': 'up', 'coculture': 'down', 'darkness': 'down', 'phosphorus': 'down', 'plastic': 'down', 'salt': 'down'}",,,6.0,Unknown,True,True,True,True,7,0.8571428571428571
cyanorak:CK_00049623,Conserved hypothetical protein,12,12,12,12,12,1.0,broad,True,6,11,4.0,5.11,mixed,"{'carbon': 'up', 'coculture': 'up', 'darkness': 'mixed', 'growth_phase': 'down', 'nitrogen': 'up', 'salt': 'down'}",,,4.0,Unknown,True,True,False,True,6,1.0
cyanorak:CK_00009151,conserved hypothetical protein,9,9,9,9,9,1.0,broad,True,6,11,8.0,11.97,mixed,"{'carbon': 'up', 'coculture': 'down', 'growth_phase': 'up', 'nitrogen': 'up', 'plastic': 'up', 'salt': 'up'}",,,4.0,Unknown,True,True,True,True,6,1.0
cyanorak:CK_00039303,conserved hypothetical protein,17,17,13,13,13,1.0,broad,True,6,8,98.0,11.5,mixed,"{'carbon': 'down', 'coculture': 'down', 'darkness': 'down', 'nitrogen': 'down', 'plastic': 'down', 'salt': 'up'}",,,4.0,Unknown,True,True,True,True,6,1.0
cyanorak:CK_00055728,conserved hypothetical protein,27,19,17,25,25,1.0,core,True,5,26,2.0,7.25,mixed,"{'darkness': 'mixed', 'iron': 'mixed', 'nitrogen': 'down', 'plastic': 'down', 'salt': 'down'}",,,4.0,Unknown,True,False,True,True,6,0.8333333333333334
cyanorak:CK_00000893,conserved hypothetical protein,21,21,17,17,17,1.0,core,True,5,26,3.0,2.8,mixed,"{'carbon': 'down', 'darkness': 'mixed', 'nitrogen': 'mixed', 'salt': 'down', 'viral': 'up'}",,,5.0,Unknown,True,False,True,True,6,0.8333333333333334
cyanorak:CK_00001230,conserved membrane protein,21,21,17,17,17,1.0,core,True,5,26,23.0,6.18,mixed,"{'darkness': 'mixed', 'growth_phase': 'up', 'nitrogen': 'mixed', 'plastic': 'down', 'salt': 'down'}",,,6.0,Unknown,True,False,False,False,7,0.7142857142857143
cyanorak:CK_00036942,conserved hypothetical protein,21,21,17,17,17,1.0,core,True,5,22,2.0,7.88,mixed,"{'darkness': 'down', 'nitrogen': 'mixed', 'plastic': 'down', 'salt': 'down', 'viral': 'down'}",,,4.0,Unknown,True,False,True,True,6,0.8333333333333334
cyanorak:CK_00003450,conserved hypothetical protein,12,12,12,12,12,1.0,broad,True,5,21,22.0,7.46,mixed,"{'darkness': 'mixed', 'growth_phase': 'up', 'light': 'up', 'nitrogen': 'up', 'salt': 'up'}",,,4.0,Unknown,True,False,False,False,7,0.7142857142857143
cyanorak:CK_00041018,conserved hypothetical protein,20,18,16,18,18,1.0,core,True,5,20,15.0,6.62,mixed,"{'coculture': 'mixed', 'darkness': 'mixed', 'iron': 'up', 'nitrogen': 'mixed', 'salt': 'down'}",,,6.0,Unknown,True,False,False,False,6,0.8333333333333334
cyanorak:CK_00036391,conserved hypothetical protein,20,20,16,16,16,1.0,core,True,5,19,10.0,11.4,mixed,"{'coculture': 'mixed', 'darkness': 'mixed', 'nitrogen': 'mixed', 'plastic': 'up', 'salt': 'up'}",,,5.0,Unknown,True,False,True,True,5,1.0
cyanorak:CK_00046483,Conserved hypothetical protein,13,13,13,13,13,1.0,broad,True,5,19,10.0,5.63,mixed,"{'darkness': 'mixed', 'growth_phase': 'up', 'nitrogen': 'down', 'plastic': 'down', 'salt': 'down'}",,,5.0,Unknown,True,False,False,False,6,0.8333333333333334
cyanorak:CK_00049418,conserved hypothetical protein,18,17,13,13,13,1.0,broad,True,5,19,1.0,6.63,mixed,"{'carbon': 'up', 'coculture': 'up', 'darkness': 'mixed', 'nitrogen': 'mixed', 'plastic': 'up'}",,,3.0,Unknown,True,False,True,True,5,1.0
cyanorak:CK_00001506,conserved hypothetical protein,21,21,17,17,17,1.0,core,True,5,18,8.0,4.71,mixed,"{'carbon': 'up', 'coculture': 'mixed', 'darkness': 'up', 'nitrogen': 'mixed', 'salt': 'down'}",,,5.0,Unknown,True,False,False,False,5,1.0
cyanorak:CK_00054285,Conserved hypothetical protein,13,13,13,13,13,1.0,broad,True,5,17,3.0,3.55,mixed,"{'carbon': 'mixed', 'coculture': 'down', 'darkness': 'mixed', 'nitrogen': 'up', 'salt': 'up'}",,,3.0,Unknown,True,False,True,True,5,1.0
cyanorak:CK_00001094,conserved hypothetical protein,21,21,17,17,17,1.0,core,True,5,15,59.0,2.94,mixed,"{'coculture': 'down', 'darkness': 'mixed', 'nitrogen': 'mixed', 'plastic': 'down', 'salt': 'up'}",,,4.0,Unknown,True,False,False,False,5,1.0
cyanorak:CK_00000713,conserved hypothetical protein,20,20,17,17,17,1.0,core,True,5,15,8.0,6.34,mixed,"{'coculture': 'down', 'darkness': 'down', 'nitrogen': 'up', 'salt': 'up', 'viral': 'down'}",,,4.0,Unknown,True,False,False,False,5,1.0
cyanorak:CK_00001236,conserved hypothetical protein,21,21,17,17,17,1.0,core,True,5,15,16.0,8.19,mixed,"{'carbon': 'down', 'darkness': 'mixed', 'nitrogen': 'down', 'plastic': 'up', 'salt': 'up'}",,,4.0,Unknown,True,False,True,True,6,0.8333333333333334
cyanorak:CK_00000936,uncharacterized conserved secreted protein,21,21,17,17,17,1.0,core,True,5,15,47.0,11.5,mixed,"{'carbon': 'up', 'coculture': 'mixed', 'darkness': 'mixed', 'nitrogen': 'mixed', 'plastic': 'up'}",,,5.0,Unknown,True,False,True,True,5,1.0
cyanorak:CK_00000335,Conserved hypotothetical protein,21,21,17,17,17,1.0,core,True,5,15,30.0,10.97,mixed,"{'carbon': 'mixed', 'coculture': 'down', 'darkness': 'mixed', 'nitrogen': 'down', 'salt': 'mixed'}",,,5.0,Unknown,True,False,True,True,5,1.0
cyanorak:CK_00002627,"helper component proteinase, Prochlorococcus-specific",14,14,14,14,14,1.0,core,True,5,15,32.0,6.62,mixed,"{'carbon': 'up', 'darkness': 'mixed', 'nitrogen': 'mixed', 'plastic': 'down', 'salt': 'up'}",,,3.0,Unknown,True,False,False,False,6,0.8333333333333334
cyanorak:CK_00003517,conserved hypothetical protein,13,13,13,13,13,1.0,broad,True,5,15,2.0,6.48,mixed,"{'darkness': 'mixed', 'growth_phase': 'up', 'light': 'mixed', 'plastic': 'down', 'salt': 'down'}",,,5.0,Unknown,True,False,True,True,7,0.7142857142857143
cyanorak:CK_00039912,Hypothetical protein,12,12,12,12,12,1.0,broad,True,5,15,1.0,6.72,mixed,"{'coculture': 'up', 'darkness': 'mixed', 'iron': 'mixed', 'nitrogen': 'mixed', 'salt': 'up'}",,,3.0,Unknown,True,False,True,True,5,1.0
cyanorak:CK_00000752,conserved hypothetical protein,21,21,17,17,17,1.0,core,True,5,14,36.0,5.73,mixed,"{'coculture': 'down', 'darkness': 'mixed', 'growth_phase': 'down', 'nitrogen': 'up', 'salt': 'up'}",,,5.0,Unknown,True,False,False,False,6,0.8333333333333334
cyanorak:CK_00001495,conserved hypothetical protein,21,21,17,17,17,1.0,core,True,5,14,54.0,5.76,mixed,"{'coculture': 'up', 'darkness': 'mixed', 'nitrogen': 'down', 'salt': 'down', 'viral': 'up'}",,,4.0,Unknown,True,False,False,False,6,0.8333333333333334
cyanorak:CK_00003414,"conserved hypothetical protein, Prochlorococcus-specific",17,17,17,17,15,0.8823529411764706,core,True,5,14,35.0,5.49,mixed,"{'coculture': 'up', 'darkness': 'mixed', 'nitrogen': 'down', 'plastic': 'up', 'salt': 'up'}",,,5.0,Unknown,True,False,False,False,6,0.8333333333333334
cyanorak:CK_00003993,uncharacterized conserved membrane protein,14,14,14,14,14,1.0,core,True,5,14,4.0,5.28,mixed,"{'darkness': 'up', 'growth_phase': 'up', 'iron': 'mixed', 'nitrogen': 'down', 'salt': 'down'}",,,4.0,Unknown,True,False,False,False,6,0.8333333333333334
cyanorak:CK_00049877,"conserved hypothetical UPF0367 protein, cyanobacteria specific",21,21,17,17,17,1.0,core,True,5,13,17.0,12.98,mixed,"{'carbon': 'down', 'coculture': 'down', 'darkness': 'mixed', 'nitrogen': 'down', 'salt': 'down'}",,,5.0,Unknown,True,False,True,True,5,1.0
cyanorak:CK_00050253,uncharacterized conserved membrane protein,9,9,9,9,9,1.0,broad,True,5,13,5.0,4.25,mixed,"{'carbon': 'up', 'iron': 'mixed', 'nitrogen': 'up', 'plastic': 'up', 'salt': 'down'}",,,3.0,Unknown,True,False,False,False,6,0.8333333333333334
cyanorak:CK_00000872,conserved hypothetical protein,21,21,17,17,17,1.0,core,True,5,12,32.0,5.58,mixed,"{'coculture': 'mixed', 'darkness': 'mixed', 'nitrogen': 'mixed', 'plastic': 'up', 'salt': 'up'}",,,6.0,Unknown,True,False,False,False,6,0.8333333333333334
cyanorak:CK_00047257,conserved hypothetical protein,14,14,14,14,14,1.0,core,True,5,12,30.0,2.86,mixed,"{'carbon': 'up', 'coculture': 'up', 'darkness': 'mixed', 'nitrogen': 'down', 'salt': 'down'}",,,4.0,Unknown,True,False,False,False,5,1.0
cyanorak:CK_00044766,uncharacterized conserved membrane protein,14,14,14,14,14,1.0,core,True,5,12,4.0,5.67,mixed,"{'coculture': 'up', 'darkness': 'mixed', 'light': 'down', 'nitrogen': 'down', 'salt': 'down'}",,,3.0,Unknown,True,False,False,False,5,1.0
cyanorak:CK_00003439,uncharacterized conserved membrane protein,9,9,9,9,9,1.0,broad,True,5,12,1.0,12.48,mixed,"{'coculture': 'down', 'iron': 'down', 'nitrogen': 'up', 'plastic': 'up', 'salt': 'down'}",,,3.0,Unknown,True,False,True,True,5,1.0
cyanorak:CK_00049169,conserved hypothetical protein,14,14,14,14,14,1.0,core,True,5,11,9.0,6.4,mixed,"{'coculture': 'up', 'darkness': 'up', 'nitrogen': 'mixed', 'plastic': 'down', 'salt': 'up'}",,,4.0,Unknown,True,False,False,False,5,1.0
cyanorak:CK_00001349,conserved hypothetical protein,16,16,12,12,12,1.0,broad,True,5,11,2.0,12.4,mixed,"{'coculture': 'down', 'nitrogen': 'mixed', 'plastic': 'up', 'salt': 'up', 'viral': 'up'}",,,4.0,Unknown,True,False,True,True,5,1.0
cyanorak:CK_00003569,conserved hypothetical protein,9,9,9,9,9,1.0,broad,True,5,11,2.0,3.15,mixed,"{'carbon': 'up', 'iron': 'mixed', 'nitrogen': 'down', 'plastic': 'down', 'salt': 'down'}",,,3.0,Unknown,True,False,True,True,6,0.8333333333333334
cyanorak:CK_00003500,uncharacterized conserved secreted protein,13,13,13,13,13,1.0,broad,True,5,10,16.0,5.22,mixed,"{'coculture': 'up', 'darkness': 'mixed', 'nitrogen': 'mixed', 'plastic': 'down', 'salt': 'down'}",,,3.0,Unknown,True,False,False,False,5,1.0
cyanorak:CK_00056778,uncharacterized conserved secreted protein,11,9,9,11,11,1.0,broad,True,5,10,1.0,4.69,mixed,"{'carbon': 'mixed', 'growth_phase': 'down', 'iron': 'mixed', 'plastic': 'up', 'salt': 'up'}",,,5.0,Unknown,True,False,True,True,5,1.0
cyanorak:CK_00043487,conserved hypothetical protein,9,9,9,9,9,1.0,broad,True,5,10,1.0,5.87,mixed,"{'carbon': 'up', 'coculture': 'up', 'growth_phase': 'down', 'nitrogen': 'down', 'salt': 'down'}",,,3.0,Unknown,True,False,True,True,5,1.0
cyanorak:CK_00002698,conserved hypothetical protein,9,9,9,9,9,1.0,broad,True,5,10,39.0,2.96,mixed,"{'carbon': 'up', 'coculture': 'up', 'darkness': 'mixed', 'plastic': 'up', 'viral': 'down'}",,,4.0,Unknown,True,False,False,False,6,0.8333333333333334
cyanorak:CK_00001222,conserved hypothetical protein,19,19,16,16,16,1.0,core,True,5,9,37.0,11.97,mixed,"{'coculture': 'mixed', 'darkness': 'down', 'nitrogen': 'down', 'salt': 'down', 'viral': 'down'}",,,5.0,Unknown,True,False,True,True,6,0.8333333333333334
cyanorak:CK_00043306,conserved hypothetical protein,9,9,9,9,8,0.8888888888888888,broad,True,5,9,3.0,2.33,mixed,"{'carbon': 'down', 'nitrogen': 'mixed', 'plastic': 'up', 'salt': 'down', 'viral': 'down'}",,,3.0,Unknown,True,False,True,True,7,0.7142857142857143
cyanorak:CK_00043018,conserved hypothetical protein,21,21,17,17,17,1.0,core,True,5,8,34.0,3.08,mixed,"{'carbon': 'up', 'darkness': 'down', 'nitrogen': 'up', 'salt': 'down', 'viral': 'up'}",,,4.0,Unknown,True,False,False,False,6,0.8333333333333334
cyanorak:CK_00002114,conserved hypothetical protein,20,20,16,16,16,1.0,core,True,5,8,2.0,12.6,mixed,"{'coculture': 'down', 'darkness': 'down', 'growth_phase': 'up', 'nitrogen': 'up', 'salt': 'down'}",,,5.0,Unknown,True,False,True,True,5,1.0
cyanorak:CK_00054066,conserved hypothetical protein,9,9,9,9,9,1.0,broad,True,5,8,4.0,6.28,mixed,"{'carbon': 'up', 'coculture': 'up', 'growth_phase': 'down', 'nitrogen': 'mixed', 'salt': 'up'}",,,4.0,Unknown,True,False,False,False,5,1.0
cyanorak:CK_00042789,conserved hypothetical protein family PM-14,19,14,14,19,19,1.0,core,True,4,22,2.0,8.52,mixed,"{'coculture': 'up', 'darkness': 'mixed', 'nitrogen': 'down', 'salt': 'down'}",,,4.0,Unknown,True,False,True,True,4,1.0
cyanorak:CK_00053552,conserved hypothetical protein,14,12,12,14,14,1.0,broad,True,4,21,5.0,4.53,mixed,"{'coculture': 'down', 'darkness': 'up', 'nitrogen': 'up', 'salt': 'down'}",,,3.0,Unknown,True,False,False,False,4,1.0
cyanorak:CK_00001269,conserved hypothetical protein,19,19,15,15,15,1.0,core,True,4,20,6.0,11.04,mixed,"{'coculture': 'mixed', 'darkness': 'mixed', 'nitrogen': 'mixed', 'salt': 'up'}",,,3.0,Unknown,True,False,True,True,4,1.0
cyanorak:CK_00003991,conserved hypothetical protein,12,12,12,12,12,1.0,broad,True,4,20,1.0,6.55,mixed,"{'coculture': 'up', 'darkness': 'mixed', 'iron': 'mixed', 'nitrogen': 'down'}",,,2.0,Unknown,True,False,True,True,4,1.0
cyanorak:CK_00001432,conserved hypothetical protein,19,18,14,15,15,1.0,core,True,4,18,9.0,5.32,mixed,"{'darkness': 'mixed', 'nitrogen': 'mixed', 'plastic': 'up', 'salt': 'down'}",,,4.0,Unknown,True,False,False,False,5,0.8
cyanorak:CK_00003570,possible M protein repeat,11,9,9,11,11,1.0,broad,True,4,18,3.0,4.58,mixed,"{'carbon': 'down', 'nitrogen': 'mixed', 'plastic': 'up', 'salt': 'mixed'}",,,5.0,Unknown,True,False,True,True,5,0.8
cyanorak:CK_00036065,conserved hypothetical protein,14,14,14,14,14,1.0,core,True,4,17,25.0,2.95,mixed,"{'coculture': 'up', 'darkness': 'up', 'nitrogen': 'mixed', 'salt': 'up'}",,,3.0,Unknown,True,False,False,False,4,1.0
cyanorak:CK_00000296,conserved hypothetical protein,21,21,17,17,17,1.0,core,True,4,15,24.0,6.3,mixed,"{'carbon': 'mixed', 'darkness': 'mixed', 'nitrogen': 'mixed', 'salt': 'up'}",,,4.0,Unknown,True,False,False,False,5,0.8
cyanorak:CK_00001293,conserved hypothetical protein,21,21,17,17,17,1.0,core,True,4,15,4.0,3.31,mixed,"{'darkness': 'mixed', 'nitrogen': 'down', 'plastic': 'down', 'salt': 'down'}",,,5.0,Unknown,True,False,False,False,5,0.8
cyanorak:CK_00001295,conserved hypothetical protein,18,18,14,14,14,1.0,core,True,4,15,11.0,6.24,mixed,"{'coculture': 'up', 'darkness': 'mixed', 'nitrogen': 'mixed', 'salt': 'down'}",,,3.0,Unknown,True,False,False,False,4,1.0
cyanorak:CK_00002720,Conserved hypothetical protein,18,13,13,18,18,1.0,broad,True,4,15,23.0,7.28,mixed,"{'carbon': 'up', 'darkness': 'mixed', 'nitrogen': 'up', 'salt': 'up'}",,,5.0,Unknown,True,False,False,False,5,0.8
cyanorak:CK_00001888,conserved hypothetical protein,21,21,17,17,17,1.0,core,True,4,14,56.0,11.04,mixed,"{'coculture': 'down', 'darkness': 'mixed', 'nitrogen': 'down', 'salt': 'down'}",,,3.0,Unknown,True,False,True,True,5,0.8
cyanorak:CK_00051501,conserved hypothetical protein,13,13,13,13,13,1.0,broad,True,4,14,4.0,9.39,mixed,"{'coculture': 'down', 'darkness': 'mixed', 'nitrogen': 'down', 'salt': 'down'}",,,3.0,Unknown,True,False,True,True,4,1.0
cyanorak:CK_00000958,conserved hypothetical protein,22,21,17,18,18,1.0,core,True,4,13,24.0,11.81,mixed,"{'coculture': 'down', 'darkness': 'up', 'nitrogen': 'down', 'salt': 'down'}",,,3.0,Unknown,True,False,True,True,5,0.8
cyanorak:CK_00001155,conserved hypothetical protein,21,21,17,17,17,1.0,core,True,4,13,146.0,4.43,mixed,"{'coculture': 'up', 'darkness': 'mixed', 'nitrogen': 'up', 'salt': 'down'}",,,4.0,Unknown,True,False,False,False,5,0.8
cyanorak:CK_00056837,conserved hypothetical protein,14,14,14,14,14,1.0,core,True,4,13,4.0,4.56,mixed,"{'carbon': 'down', 'darkness': 'mixed', 'nitrogen': 'down', 'salt': 'down'}",,,5.0,Unknown,True,False,False,False,5,0.8
cyanorak:CK_00045409,conserved hypothetical protein,13,13,13,13,13,1.0,broad,True,4,13,5.0,7.46,mixed,"{'darkness': 'mixed', 'iron': 'mixed', 'nitrogen': 'down', 'salt': 'down'}",,,3.0,Unknown,True,False,False,False,5,0.8
cyanorak:CK_00046788,conserved hypothetical protein,21,21,17,17,17,1.0,core,True,4,12,7.0,5.26,mixed,"{'coculture': 'up', 'darkness': 'mixed', 'nitrogen': 'up', 'salt': 'down'}",,,3.0,Unknown,True,False,False,False,5,0.8
cyanorak:CK_00001175,conserved hypothetical protein,19,19,15,15,15,1.0,core,True,4,12,14.0,1.91,mixed,"{'carbon': 'up', 'darkness': 'mixed', 'nitrogen': 'down', 'salt': 'down'}",,,4.0,Unknown,True,False,False,False,5,0.8
cyanorak:CK_00002638,"uncharacterized conserved membrane protein, Prochlorococcus-specific",14,14,14,14,14,1.0,core,True,4,12,27.0,6.61,mixed,"{'coculture': 'up', 'darkness': 'mixed', 'iron': 'mixed', 'salt': 'up'}",,,3.0,Unknown,True,False,False,False,5,0.8
cyanorak:CK_00044315,conserved hypothetical protein,14,14,14,14,14,1.0,core,True,4,12,31.0,11.17,mixed,"{'coculture': 'down', 'darkness': 'mixed', 'nitrogen': 'up', 'salt': 'down'}",,,3.0,Unknown,True,False,True,True,4,1.0
cyanorak:CK_00050291,conserved hypothetical protein,21,21,17,17,17,1.0,core,True,4,11,29.0,6.34,mixed,"{'carbon': 'up', 'darkness': 'mixed', 'nitrogen': 'down', 'salt': 'up'}",,,4.0,Unknown,True,False,False,False,5,0.8
cyanorak:CK_00000706,conserved hypothetical protein,21,21,17,17,17,1.0,core,True,4,11,45.0,12.1,mixed,"{'coculture': 'down', 'darkness': 'mixed', 'nitrogen': 'mixed', 'salt': 'down'}",,,4.0,Unknown,True,False,True,True,4,1.0
cyanorak:CK_00001653,putative cAMP phosphodiesterase class-II,21,21,17,17,17,1.0,core,True,4,11,17.0,2.95,mixed,"{'darkness': 'mixed', 'nitrogen': 'down', 'plastic': 'down', 'salt': 'up'}",,,5.0,Unknown,True,False,False,False,6,0.6666666666666666
cyanorak:CK_00056279,conserved hypothetical protein,21,21,17,17,17,1.0,core,True,4,11,8.0,12.1,mixed,"{'coculture': 'down', 'darkness': 'mixed', 'nitrogen': 'mixed', 'salt': 'up'}",,,5.0,Unknown,True,False,True,True,5,0.8
cyanorak:CK_00003940,uncharacterized conserved membrane protein,14,14,14,14,14,1.0,core,True,4,11,8.0,6.79,mixed,"{'carbon': 'mixed', 'darkness': 'mixed', 'plastic': 'up', 'salt': 'up'}",,,4.0,Unknown,True,False,False,False,4,1.0
cyanorak:CK_00004066,conserved hypothetical protein,14,14,14,14,14,1.0,core,True,4,11,30.0,2.22,mixed,"{'coculture': 'up', 'darkness': 'mixed', 'plastic': 'down', 'salt': 'down'}",,,3.0,Unknown,True,False,False,False,4,1.0
cyanorak:CK_00036878,Conserved hypothetical protein,13,13,13,13,13,1.0,broad,True,4,11,1.0,4.99,mixed,"{'coculture': 'up', 'darkness': 'mixed', 'nitrogen': 'up', 'salt': 'up'}",,,3.0,Unknown,True,False,True,True,4,1.0
cyanorak:CK_00001718,conserved hypothetical protein,16,16,12,12,12,1.0,broad,True,4,11,5.0,3.96,mixed,"{'coculture': 'up', 'darkness': 'down', 'nitrogen': 'mixed', 'salt': 'down'}",,,3.0,Unknown,True,False,False,False,4,1.0
cyanorak:CK_00001603,pepSY-associated TM helix family protein,14,12,9,11,11,1.0,broad,True,4,11,22.0,6.38,mixed,"{'coculture': 'down', 'darkness': 'mixed', 'light': 'up', 'salt': 'down'}",,,3.0,Unknown,True,False,False,False,5,0.8
cyanorak:CK_00047151,Conserved hypothetical protein,9,9,9,9,9,1.0,broad,True,4,11,5.0,5.56,mixed,"{'growth_phase': 'down', 'iron': 'mixed', 'nitrogen': 'up', 'salt': 'down'}",,,3.0,Unknown,True,False,False,False,5,0.8
cyanorak:CK_00000916,conserved hypothetical protein,21,21,17,17,17,1.0,core,True,4,10,26.0,6.57,mixed,"{'carbon': 'up', 'darkness': 'mixed', 'nitrogen': 'up', 'salt': 'down'}",,,4.0,Unknown,True,False,False,False,5,0.8
cyanorak:CK_00001691,conserved hypothetical protein,21,21,17,17,16,0.9411764705882352,core,True,4,9,1.0,12.45,mixed,"{'coculture': 'up', 'darkness': 'up', 'nitrogen': 'down', 'salt': 'up'}",,,3.0,Unknown,True,False,True,True,6,0.6666666666666666
cyanorak:CK_00003487,uncharacterized conserved secreted protein,13,13,13,13,13,1.0,broad,True,4,9,51.0,6.33,mixed,"{'darkness': 'mixed', 'light': 'up', 'plastic': 'up', 'salt': 'down'}",,,4.0,Unknown,True,False,False,False,6,0.6666666666666666
cyanorak:CK_00051952,Conserved hypothetical protein,12,11,11,12,12,1.0,broad,True,4,9,16.0,7.77,down,"{'carbon': 'down', 'coculture': 'down', 'darkness': 'down', 'salt': 'down'}",,,3.0,Unknown,True,False,False,False,4,1.0
cyanorak:CK_00050122,Conserved hypothetical protein,11,11,11,11,11,1.0,broad,True,4,9,1.0,4.1,down,"{'carbon': 'down', 'nitrogen': 'down', 'plastic': 'down', 'salt': 'down'}",,,3.0,Unknown,True,False,True,True,5,0.8
cyanorak:CK_00034724,uncharacterized conserved membrane protein,9,9,9,9,9,1.0,broad,True,4,9,2.0,6.62,mixed,"{'iron': 'mixed', 'nitrogen': 'down', 'plastic': 'down', 'salt': 'down'}",,,3.0,Unknown,True,False,True,True,5,0.8
cyanorak:CK_00046159,uncharacterized conserved membrane protein,9,9,9,9,9,1.0,broad,True,4,9,6.0,3.94,mixed,"{'carbon': 'down', 'iron': 'mixed', 'nitrogen': 'down', 'salt': 'up'}",,,2.0,Unknown,True,False,False,False,5,0.8
cyanorak:CK_00047426,conserved hypothetical protein,9,9,9,9,9,1.0,broad,True,4,9,7.0,3.53,mixed,"{'coculture': 'up', 'iron': 'mixed', 'nitrogen': 'mixed', 'salt': 'down'}",,,2.0,Unknown,True,False,False,False,4,1.0
cyanorak:CK_00054584,uncharacterized conserved membrane protein,9,9,9,9,9,1.0,broad,True,4,9,4.0,4.98,mixed,"{'growth_phase': 'up', 'nitrogen': 'down', 'plastic': 'down', 'salt': 'down'}",,,4.0,Unknown,True,False,False,False,5,0.8
cyanorak:CK_00035425,conserved hypothetical protein,9,9,9,9,9,1.0,broad,True,4,9,6.0,1.97,mixed,"{'carbon': 'down', 'growth_phase': 'up', 'iron': 'mixed', 'nitrogen': 'down'}",,,2.0,Unknown,True,False,False,False,5,0.8
cyanorak:CK_00001709,conserved hypothetical protein,20,20,17,17,16,0.9411764705882352,core,True,4,8,36.0,6.95,mixed,"{'darkness': 'mixed', 'plastic': 'up', 'salt': 'up', 'viral': 'up'}",,,4.0,Unknown,True,False,False,False,6,0.6666666666666666
cyanorak:CK_00004181,conserved hypothetical protein,17,16,16,17,17,1.0,core,True,4,8,1.0,3.48,mixed,"{'growth_phase': 'up', 'iron': 'down', 'nitrogen': 'up', 'salt': 'down'}",,,3.0,Unknown,True,False,True,True,5,0.8
cyanorak:CK_00002639,"conserved hypothetical protein, Prochlorococcus-specific",17,16,16,17,17,1.0,core,True,4,8,20.0,4.12,mixed,"{'darkness': 'mixed', 'nitrogen': 'mixed', 'plastic': 'up', 'salt': 'up'}",,,5.0,Unknown,True,False,False,False,5,0.8
cyanorak:CK_00002642,putative gRAM domain,11,11,11,11,11,1.0,broad,True,4,8,56.0,4.37,mixed,"{'coculture': 'up', 'darkness': 'mixed', 'nitrogen': 'up', 'salt': 'up'}",,,3.0,Unknown,True,False,False,False,5,0.8
cyanorak:CK_00047620,conserved hypothetical protein,10,9,9,10,10,1.0,broad,True,4,8,39.0,1.88,mixed,"{'carbon': 'up', 'nitrogen': 'up', 'plastic': 'up', 'salt': 'down'}",,,3.0,Unknown,True,False,False,False,5,0.8
cyanorak:CK_00003484,conserved hypothetical protein,9,9,9,9,9,1.0,broad,True,4,8,9.0,4.0,mixed,"{'growth_phase': 'up', 'light': 'down', 'nitrogen': 'down', 'salt': 'down'}",,,3.0,Unknown,True,False,False,False,5,0.8
cyanorak:CK_00001908,uncharacterized conserved secreted protein,21,21,17,17,17,1.0,core,True,4,7,24.0,4.45,mixed,"{'coculture': 'down', 'darkness': 'mixed', 'nitrogen': 'up', 'salt': 'up'}",,,3.0,Unknown,True,False,False,False,4,1.0
cyanorak:CK_00051242,conserved hypothetical protein,9,9,9,9,9,1.0,broad,True,4,7,3.0,3.2,mixed,"{'growth_phase': 'down', 'iron': 'mixed', 'nitrogen': 'down', 'salt': 'down'}",,,3.0,Unknown,True,False,True,True,5,0.8
cyanorak:CK_00037710,conserved hypothetical protein,9,9,9,9,9,1.0,broad,True,4,7,4.0,2.33,mixed,"{'carbon': 'up', 'coculture': 'up', 'nitrogen': 'down', 'salt': 'down'}",,,3.0,Unknown,True,False,False,False,4,1.0
cyanorak:CK_00003482,conserved hypothetical protein,9,9,9,9,9,1.0,broad,True,4,7,2.0,3.17,mixed,"{'carbon': 'up', 'growth_phase': 'up', 'nitrogen': 'mixed', 'salt': 'down'}",,,3.0,Unknown,True,False,True,True,5,0.8
cyanorak:CK_00003452,conserved hypothetical protein,9,9,9,9,9,1.0,broad,True,4,7,21.0,2.4,mixed,"{'carbon': 'up', 'growth_phase': 'down', 'nitrogen': 'mixed', 'salt': 'down'}",,,3.0,Unknown,True,False,False,False,5,0.8
cyanorak:CK_00002293,conserved hypothetical protein,16,16,14,14,14,1.0,core,True,4,6,60.0,5.38,mixed,"{'darkness': 'mixed', 'nitrogen': 'up', 'plastic': 'down', 'salt': 'up'}",,,4.0,Unknown,True,False,False,False,5,0.8
cyanorak:CK_00002637,conserved hypothetical protein,14,14,14,14,14,1.0,core,True,4,6,3.0,9.24,mixed,"{'coculture': 'down', 'darkness': 'mixed', 'nitrogen': 'down', 'salt': 'up'}",,,3.0,Unknown,True,False,True,True,4,1.0
cyanorak:CK_00001649,conserved hypothetical protein,18,18,14,14,14,1.0,core,True,4,6,30.0,6.42,mixed,"{'carbon': 'up', 'darkness': 'mixed', 'plastic': 'up', 'salt': 'up'}",,,4.0,Unknown,True,False,False,False,6,0.6666666666666666
cyanorak:CK_00000133,conserved hypothetical protein,17,17,13,13,13,1.0,broad,True,4,6,7.0,12.48,mixed,"{'coculture': 'down', 'nitrogen': 'down', 'plastic': 'up', 'salt': 'up'}",,,3.0,Unknown,True,False,True,True,5,0.8
cyanorak:CK_00052124,uncharacterized conserved membrane protein,9,9,9,9,9,1.0,broad,True,4,6,6.0,1.36,mixed,"{'carbon': 'up', 'nitrogen': 'down', 'plastic': 'down', 'salt': 'down'}",,,3.0,Unknown,True,False,False,False,5,0.8
cyanorak:CK_00001174,conserved hypothetical protein,14,14,10,10,10,1.0,broad,True,4,5,13.0,11.6,mixed,"{'carbon': 'up', 'coculture': 'down', 'nitrogen': 'up', 'salt': 'down'}",,,3.0,Unknown,True,False,True,True,4,1.0
cyanorak:CK_00056366,conserved hypothetical protein,9,9,9,9,9,1.0,broad,True,4,5,4.0,2.75,mixed,"{'growth_phase': 'down', 'iron': 'mixed', 'nitrogen': 'down', 'salt': 'down'}",,,3.0,Unknown,True,False,False,False,5,0.8
cyanorak:CK_00003600,conserved hypothetical protein,9,9,9,9,9,1.0,broad,True,4,5,2.0,3.22,mixed,"{'carbon': 'up', 'growth_phase': 'down', 'nitrogen': 'down', 'salt': 'down'}",,,4.0,Unknown,True,False,True,True,5,0.8
cyanorak:CK_00003576,"possible bacterial extracellular solute-binding protein, family 3",10,10,10,10,10,1.0,broad,True,4,4,35.0,12.48,mixed,"{'coculture': 'down', 'nitrogen': 'up', 'plastic': 'up', 'salt': 'up'}",,,3.0,Unknown,True,False,True,True,4,1.0
cyanorak:CK_00044011,conserved hypothetical protein,12,12,9,9,9,1.0,broad,True,4,4,24.0,1.83,mixed,"{'coculture': 'up', 'growth_phase': 'down', 'nitrogen': 'up', 'salt': 'up'}",,,3.0,Unknown,True,False,False,False,4,1.0
cyanorak:CK_00000926,Conserved hypothetical protein,20,20,16,16,16,1.0,core,True,3,18,20.0,5.72,mixed,"{'darkness': 'down', 'nitrogen': 'mixed', 'salt': 'down'}",,,4.0,Unknown,True,False,False,False,5,0.6
cyanorak:CK_00042537,possible uncharacterized conserved secreted protein,14,14,14,14,14,1.0,core,True,3,14,3.0,5.17,mixed,"{'darkness': 'mixed', 'nitrogen': 'mixed', 'salt': 'up'}",,,4.0,Unknown,True,False,True,True,4,0.75
cyanorak:CK_00045915,Conserved hypothetical protein,13,13,13,13,13,1.0,broad,True,3,12,8.0,7.47,mixed,"{'darkness': 'mixed', 'growth_phase': 'down', 'salt': 'up'}",,,4.0,Unknown,True,False,False,False,5,0.6
cyanorak:CK_00004096,uncharacterized conserved membrane protein,13,12,12,13,13,1.0,broad,True,3,12,66.0,2.52,mixed,"{'coculture': 'up', 'darkness': 'mixed', 'salt': 'down'}",,,2.0,Unknown,True,False,False,False,3,1.0
cyanorak:CK_00004020,conserved hypothetical protein,10,10,10,10,10,1.0,broad,True,3,12,26.0,5.32,mixed,"{'coculture': 'down', 'darkness': 'mixed', 'salt': 'up'}",,,2.0,Unknown,True,False,False,False,3,1.0
cyanorak:CK_00056305,Conserved hypothetical protein,10,9,9,10,10,1.0,broad,True,3,12,2.0,5.79,mixed,"{'iron': 'mixed', 'nitrogen': 'up', 'salt': 'up'}",,,3.0,Unknown,True,False,True,True,4,0.75
cyanorak:CK_00000637,conserved hypothetical protein,21,21,17,17,17,1.0,core,True,3,11,120.0,6.95,mixed,"{'darkness': 'down', 'nitrogen': 'mixed', 'salt': 'up'}",,,4.0,Unknown,True,False,False,False,5,0.6
cyanorak:CK_00002520,conserved hypothetical protein,20,20,16,16,16,1.0,core,True,3,11,27.0,5.14,mixed,"{'darkness': 'mixed', 'plastic': 'up', 'salt': 'down'}",,,3.0,Unknown,True,False,False,False,3,1.0
cyanorak:CK_00004179,conserved hypothetical protein,10,10,10,10,10,1.0,broad,True,3,11,91.0,6.17,mixed,"{'darkness': 'mixed', 'plastic': 'up', 'salt': 'up'}",,,3.0,Unknown,True,False,False,False,3,1.0
cyanorak:CK_00055721,conserved hypothetical protein,16,16,12,12,12,1.0,broad,True,3,10,5.0,3.92,mixed,"{'iron': 'mixed', 'nitrogen': 'down', 'salt': 'down'}",,,2.0,Unknown,True,False,False,False,4,0.75
cyanorak:CK_00045861,Conserved hypothetical protein,10,10,10,10,10,1.0,broad,True,3,10,17.0,2.94,mixed,"{'iron': 'mixed', 'nitrogen': 'mixed', 'salt': 'down'}",,,2.0,Unknown,True,False,False,False,4,0.75
cyanorak:CK_00033671,conserved hypothetical protein,14,14,10,10,10,1.0,broad,True,3,10,5.0,12.23,mixed,"{'coculture': 'down', 'darkness': 'mixed', 'plastic': 'up'}",,,3.0,Unknown,True,False,True,True,5,0.6
cyanorak:CK_00003489,uncharacterized conserved secreted protein,9,9,9,9,9,1.0,broad,True,3,10,12.0,4.89,down,"{'light': 'down', 'nitrogen': 'down', 'salt': 'down'}",,,2.0,Unknown,True,False,False,False,4,0.75
cyanorak:CK_00003462,conserved hypothetical protein,9,9,9,9,9,1.0,broad,True,3,10,35.0,2.89,mixed,"{'carbon': 'down', 'nitrogen': 'up', 'salt': 'up'}",,,3.0,Unknown,True,False,False,False,4,0.75
cyanorak:CK_00001680,conserved hypothetical protein specific to marine picocyanobacteria,21,21,17,17,17,1.0,core,True,3,9,28.0,4.37,mixed,"{'darkness': 'mixed', 'nitrogen': 'mixed', 'salt': 'down'}",,,3.0,Unknown,True,False,False,False,4,0.75
cyanorak:CK_00043712,conserved hypothetical protein,19,18,15,16,16,1.0,core,True,3,9,14.0,3.58,mixed,"{'carbon': 'down', 'darkness': 'mixed', 'salt': 'down'}",,,3.0,Unknown,True,False,False,False,5,0.6
cyanorak:CK_00002632,uncharacterized conserved membrane protein,14,14,14,14,14,1.0,core,True,3,9,1.0,3.42,mixed,"{'darkness': 'mixed', 'nitrogen': 'mixed', 'salt': 'down'}",,,3.0,Unknown,True,False,True,True,4,0.75
cyanorak:CK_00042851,Conserved hypothetical protein,13,13,13,13,13,1.0,broad,True,3,9,38.0,5.83,mixed,"{'darkness': 'mixed', 'nitrogen': 'up', 'salt': 'down'}",,,3.0,Unknown,True,False,False,False,4,0.75
cyanorak:CK_00033674,Conserved hypothetical protein,12,12,12,12,12,1.0,broad,True,3,9,31.0,6.4,mixed,"{'darkness': 'mixed', 'nitrogen': 'down', 'salt': 'down'}",,,3.0,Unknown,True,False,False,False,4,0.75
cyanorak:CK_00048870,conserved hypothetical protein,12,12,12,12,12,1.0,broad,True,3,9,7.0,5.19,mixed,"{'carbon': 'up', 'darkness': 'mixed', 'nitrogen': 'down'}",,,3.0,Unknown,True,False,False,False,4,0.75
cyanorak:CK_00004186,conserved hypothetical protein,13,12,12,13,13,1.0,broad,True,3,9,9.0,4.31,mixed,"{'darkness': 'mixed', 'plastic': 'down', 'salt': 'up'}",,,3.0,Unknown,True,False,False,False,3,1.0
cyanorak:CK_00053566,Conserved hypothetical protein,9,9,9,9,9,1.0,broad,True,3,9,2.0,2.19,mixed,"{'carbon': 'mixed', 'nitrogen': 'up', 'salt': 'mixed'}",,,2.0,Unknown,True,False,True,True,4,0.75
cyanorak:CK_00048289,conserved hypothetical protein,9,9,9,9,9,1.0,broad,True,3,9,2.0,4.02,mixed,"{'carbon': 'mixed', 'nitrogen': 'down', 'salt': 'down'}",,,2.0,Unknown,True,False,True,True,4,0.75
cyanorak:CK_00003438,uncharacterized conserved secreted protein,9,9,9,9,9,1.0,broad,True,3,9,19.0,3.59,mixed,"{'nitrogen': 'up', 'plastic': 'up', 'salt': 'down'}",,,3.0,Unknown,True,False,False,False,4,0.75
cyanorak:CK_00055260,conserved hypothetical protein,21,21,17,17,16,0.9411764705882352,core,True,3,8,30.0,7.57,mixed,"{'darkness': 'mixed', 'plastic': 'up', 'salt': 'up'}",,,3.0,Unknown,True,False,False,False,5,0.6
cyanorak:CK_00043662,conserved hypothetical protein,17,17,16,16,16,1.0,core,True,3,8,61.0,5.74,mixed,"{'coculture': 'up', 'darkness': 'mixed', 'salt': 'down'}",,,3.0,Unknown,True,False,False,False,4,0.75
cyanorak:CK_00055533,Conserved hypothetical protein,13,13,13,13,13,1.0,broad,True,3,8,33.0,3.44,mixed,"{'darkness': 'mixed', 'nitrogen': 'up', 'salt': 'down'}",,,3.0,Unknown,True,False,False,False,4,0.75
cyanorak:CK_00056419,conserved hypothetical protein,11,11,9,9,9,1.0,broad,True,3,8,4.0,1.59,mixed,"{'darkness': 'up', 'salt': 'up', 'viral': 'down'}",,,3.0,Unknown,True,False,False,False,5,0.6
cyanorak:CK_00000723,conserved hypothetical protein UCP020893,21,21,17,17,17,1.0,core,True,3,7,51.0,6.7,mixed,"{'carbon': 'up', 'darkness': 'mixed', 'salt': 'up'}",,,3.0,Unknown,True,False,False,False,5,0.6
cyanorak:CK_00044313,possible Hantavirus glycoprotein G2,13,13,13,13,13,1.0,broad,True,3,7,13.0,3.97,mixed,"{'darkness': 'mixed', 'plastic': 'mixed', 'salt': 'down'}",,,3.0,Unknown,True,False,False,False,5,0.6
cyanorak:CK_00003363,conserved hypothetical protein,12,11,11,12,12,1.0,broad,True,3,7,6.0,2.78,mixed,"{'growth_phase': 'up', 'nitrogen': 'mixed', 'salt': 'up'}",,,3.0,Unknown,True,False,False,False,4,0.75
cyanorak:CK_00001442,conserved hypothetical protein CHP03894,14,14,10,10,10,1.0,broad,True,3,7,11.0,3.26,mixed,"{'light': 'up', 'nitrogen': 'mixed', 'salt': 'down'}",,,3.0,Unknown,True,False,False,False,5,0.6
cyanorak:CK_00047163,uncharacterized conserved membrane protein,20,20,16,16,16,1.0,core,True,3,6,111.0,4.45,mixed,"{'coculture': 'down', 'darkness': 'mixed', 'salt': 'up'}",,,2.0,Unknown,True,False,False,False,4,0.75
cyanorak:CK_00051693,conserved hypothetical protein,19,19,15,15,15,1.0,core,True,3,6,212.0,3.42,mixed,"{'darkness': 'mixed', 'nitrogen': 'up', 'salt': 'up'}",,,3.0,Unknown,True,False,False,False,4,0.75
cyanorak:CK_00047604,uncharacterized conserved membrane protein,15,14,14,15,15,1.0,core,True,3,6,22.0,6.93,up,"{'darkness': 'up', 'nitrogen': 'up', 'salt': 'up'}",,,3.0,Unknown,True,False,False,False,4,0.75
cyanorak:CK_00002644,conserved hypothetical protein,10,10,10,10,10,1.0,broad,True,3,6,60.0,1.61,mixed,"{'nitrogen': 'up', 'plastic': 'down', 'salt': 'up'}",,,3.0,Unknown,True,False,False,False,5,0.6
cyanorak:CK_00043162,uncharacterized conserved secreted protein,10,10,10,10,10,1.0,broad,True,3,6,60.0,10.81,down,"{'coculture': 'down', 'nitrogen': 'down', 'salt': 'down'}",,,2.0,Unknown,True,False,True,True,4,0.75
cyanorak:CK_00041248,conserved hypothetical protein,9,9,9,9,9,1.0,broad,True,3,6,19.0,3.33,down,"{'carbon': 'down', 'nitrogen': 'down', 'salt': 'down'}",,,2.0,Unknown,True,False,False,False,4,0.75
cyanorak:CK_00043729,uncharacterized conserved membrane protein,9,9,9,9,9,1.0,broad,True,3,5,22.0,2.42,mixed,"{'carbon': 'mixed', 'nitrogen': 'mixed', 'salt': 'up'}",,,3.0,Unknown,True,False,False,False,4,0.75
cyanorak:CK_00041757,conserved hypothetical protein,9,9,9,9,9,1.0,broad,True,3,4,13.0,2.39,mixed,"{'growth_phase': 'down', 'nitrogen': 'mixed', 'salt': 'down'}",,,3.0,Unknown,True,False,False,False,4,0.75
cyanorak:CK_00038156,uncharacterized conserved glutamine-rich protein,9,9,9,9,9,1.0,broad,True,3,4,17.0,5.19,down,"{'carbon': 'down', 'nitrogen': 'down', 'salt': 'down'}",,,2.0,Unknown,True,False,False,False,4,0.75
cyanorak:CK_00003424,uncharacterized conserved membrane protein,9,9,9,9,9,1.0,broad,True,3,4,45.0,2.6,up,"{'light': 'up', 'plastic': 'up', 'salt': 'up'}",,,3.0,Unknown,True,False,False,False,5,0.6
cyanorak:CK_00003393,conserved hypothetical protein,9,9,9,9,9,1.0,broad,True,3,4,60.0,11.97,mixed,"{'coculture': 'down', 'nitrogen': 'up', 'salt': 'up'}",,,2.0,Unknown,True,False,True,True,3,1.0
cyanorak:CK_00003457,uncharacterized conserved membrane protein,9,9,9,9,8,0.8888888888888888,broad,True,3,4,37.0,1.61,mixed,"{'growth_phase': 'down', 'iron': 'mixed', 'salt': 'up'}",,,3.0,Unknown,True,False,False,False,5,0.6
cyanorak:CK_00003913,uncharacterized conserved membrane protein,14,14,14,14,14,1.0,core,True,3,3,31.0,4.69,down,"{'carbon': 'down', 'nitrogen': 'down', 'salt': 'down'}",,,2.0,Unknown,True,False,False,False,4,0.75
cyanorak:CK_00000561,lipid A disaccharide synthetase-like protein,16,16,12,12,11,0.9166666666666666,broad,True,3,3,52.0,3.26,down,"{'coculture': 'down', 'nitrogen': 'down', 'salt': 'down'}",,,2.0,Unknown,True,False,False,False,3,1.0
cyanorak:CK_00036246,uncharacterized conserved membrane protein,9,9,9,9,9,1.0,broad,True,3,3,195.0,1.62,mixed,"{'nitrogen': 'down', 'plastic': 'up', 'salt': 'down'}",,,3.0,Unknown,True,False,False,False,4,0.75
cyanorak:CK_00039158,conserved hypothetical protein,9,9,9,9,9,1.0,broad,True,3,3,77.0,1.33,mixed,"{'growth_phase': 'up', 'plastic': 'up', 'salt': 'down'}",,,3.0,Unknown,True,False,False,False,5,0.6
cyanorak:CK_00048124,uncharacterized conserved membrane protein,9,9,9,9,9,1.0,broad,True,3,3,3.0,3.03,up,"{'carbon': 'up', 'growth_phase': 'up', 'salt': 'up'}",,,3.0,Unknown,True,False,True,True,5,0.6
cyanorak:CK_00051639,conserved hypothetical protein,9,9,9,9,9,1.0,broad,True,3,3,37.0,3.71,up,"{'coculture': 'up', 'nitrogen': 'up', 'salt': 'up'}",,,2.0,Unknown,True,False,False,False,3,1.0
cyanorak:CK_00003564,conserved hypothetical protein,9,9,9,9,9,1.0,broad,True,3,3,37.0,1.42,mixed,"{'carbon': 'down', 'nitrogen': 'up', 'salt': 'down'}",,,2.0,Unknown,True,False,False,False,4,0.75
cyanorak:CK_00043412,possible uncharacterized conserved secreted protein,9,9,9,9,9,1.0,broad,True,3,3,42.0,2.13,mixed,"{'growth_phase': 'down', 'nitrogen': 'down', 'salt': 'up'}",,,3.0,Unknown,True,False,False,False,4,0.75
cyanorak:CK_00042680,Conserved hypothetical protein,12,12,12,12,12,1.0,broad,True,2,13,2.0,7.98,mixed,"{'darkness': 'mixed', 'nitrogen': 'down'}",,,2.0,Unknown,True,False,True,True,3,0.6666666666666666
cyanorak:CK_00045973,Hypothetical protein,10,10,10,10,10,1.0,broad,True,2,12,27.0,6.33,mixed,"{'darkness': 'mixed', 'nitrogen': 'down'}",,,2.0,Unknown,True,False,False,False,3,0.6666666666666666
cyanorak:CK_00002389,conserved hypothetical protein,18,16,12,12,12,1.0,broad,True,2,10,75.0,3.73,mixed,"{'darkness': 'mixed', 'salt': 'down'}",,,2.0,Unknown,True,False,False,False,2,1.0
cyanorak:CK_00044630,conserved hypothetical protein,9,9,9,9,9,1.0,broad,True,2,9,1.0,7.32,mixed,"{'iron': 'mixed', 'nitrogen': 'down'}",,,1.0,Unknown,True,False,True,True,3,0.6666666666666666
cyanorak:CK_00042328,Conserved hypothetical protein,11,11,11,11,11,1.0,broad,True,2,8,64.0,5.57,mixed,"{'darkness': 'down', 'salt': 'up'}",,,2.0,Unknown,True,False,False,False,2,1.0
cyanorak:CK_00003511,uncharacterized conserved membrane protein,9,9,9,9,9,1.0,broad,True,2,8,20.0,2.61,mixed,"{'nitrogen': 'mixed', 'salt': 'down'}",,,2.0,Unknown,True,False,False,False,3,0.6666666666666666
cyanorak:CK_00004029,conserved hypothetical protein,16,16,16,16,16,1.0,core,True,2,7,46.0,5.37,mixed,"{'darkness': 'mixed', 'salt': 'down'}",,,2.0,Unknown,True,False,False,False,4,0.5
cyanorak:CK_00043693,conserved hypothetical protein,16,16,15,15,15,1.0,core,True,2,7,114.0,1.75,up,"{'darkness': 'up', 'salt': 'up'}",,,2.0,Unknown,True,False,False,False,2,1.0
cyanorak:CK_00045577,uncharacterized conserved membrane protein PM-23,10,10,10,10,10,1.0,broad,True,2,6,17.0,1.9,mixed,"{'carbon': 'mixed', 'iron': 'mixed'}",,,1.0,Unknown,True,False,False,False,2,1.0
cyanorak:CK_00009023,uncharacterized conserved membrane protein,10,10,10,10,10,1.0,broad,True,2,6,71.0,2.44,mixed,"{'nitrogen': 'mixed', 'salt': 'down'}",,,2.0,Unknown,True,False,False,False,3,0.6666666666666666
cyanorak:CK_00003472,uncharacterized conserved membrane protein,9,9,9,9,9,1.0,broad,True,2,6,29.0,1.72,mixed,"{'nitrogen': 'down', 'salt': 'up'}",,,2.0,Unknown,True,False,False,False,3,0.6666666666666666
cyanorak:CK_00003443,uncharacterized conserved lipoprotein,9,9,9,9,9,1.0,broad,True,2,6,108.0,1.25,mixed,"{'nitrogen': 'mixed', 'salt': 'up'}",,,2.0,Unknown,True,False,False,False,3,0.6666666666666666
cyanorak:CK_00050013,Predicted protein family PM-11,14,14,14,14,14,1.0,core,True,2,5,63.0,5.81,mixed,"{'darkness': 'mixed', 'salt': 'down'}",,,2.0,Unknown,True,False,False,False,4,0.5
cyanorak:CK_00039933,conserved hypothetical protein,12,12,12,12,12,1.0,broad,True,2,5,568.0,4.68,down,"{'darkness': 'down', 'salt': 'down'}",,,2.0,Unknown,True,False,False,False,4,0.5
cyanorak:CK_00000434,conserved hypothetical protein,21,21,17,17,17,1.0,core,True,2,4,68.0,6.96,mixed,"{'darkness': 'mixed', 'salt': 'down'}",,,2.0,Unknown,True,False,False,False,5,0.4
cyanorak:CK_00004184,uncharacterized conserved membrane protein,14,14,14,14,14,1.0,core,True,2,4,47.0,2.14,mixed,"{'coculture': 'up', 'darkness': 'mixed'}",,,2.0,Unknown,True,False,False,False,3,0.6666666666666666
cyanorak:CK_00048626,conserved hypothetical protein,11,9,9,11,11,1.0,broad,True,2,4,18.0,1.9,mixed,"{'carbon': 'mixed', 'salt': 'down'}",,,3.0,Unknown,True,False,False,False,2,1.0
cyanorak:CK_00049924,conserved hypothetical protein,9,9,9,9,9,1.0,broad,True,2,4,5.0,3.43,down,"{'nitrogen': 'down', 'salt': 'down'}",,,2.0,Unknown,True,False,False,False,3,0.6666666666666666
cyanorak:CK_00003593,conserved hypothetical protein,9,9,9,9,9,1.0,broad,True,2,4,97.0,1.9,mixed,"{'nitrogen': 'down', 'salt': 'up'}",,,2.0,Unknown,True,False,False,False,3,0.6666666666666666
cyanorak:CK_00038272,possible uncharacterized conserved secreted protein,9,9,9,9,9,1.0,broad,True,2,4,36.0,1.99,mixed,"{'nitrogen': 'down', 'salt': 'up'}",,,2.0,Unknown,True,False,False,False,3,0.6666666666666666
cyanorak:CK_00000211,cyanobacteria-specific lipid-A-disaccharide synthase protein family,17,17,13,13,13,1.0,broad,True,2,3,103.0,1.27,mixed,"{'nitrogen': 'mixed', 'salt': 'down'}",,,2.0,Unknown,True,False,False,False,3,0.6666666666666666
cyanorak:CK_00045686,Conserved hypothetical protein,10,10,10,10,10,1.0,broad,True,2,3,56.0,1.89,down,"{'nitrogen': 'down', 'salt': 'down'}",,,2.0,Unknown,True,False,False,False,3,0.6666666666666666
cyanorak:CK_00053611,uncharacterized conserved membrane protein,9,9,9,9,9,1.0,broad,True,2,3,17.0,2.41,down,"{'nitrogen': 'down', 'salt': 'down'}",,,2.0,Unknown,True,False,False,False,3,0.6666666666666666
cyanorak:CK_00003441,conserved hypothetical protein,9,9,9,9,9,1.0,broad,True,2,3,124.0,1.25,up,"{'nitrogen': 'up', 'salt': 'up'}",,,2.0,Unknown,True,False,False,False,3,0.6666666666666666
cyanorak:CK_00047094,conserved hypothetical protein,13,13,13,13,13,1.0,broad,True,2,2,188.0,2.41,mixed,"{'nitrogen': 'down', 'salt': 'up'}",,,2.0,Unknown,True,False,False,False,3,0.6666666666666666
cyanorak:CK_00046166,conserved hypothetical protein,9,9,9,9,9,1.0,broad,True,2,2,45.0,0.5,mixed,"{'carbon': 'down', 'salt': 'up'}",,,2.0,Unknown,True,False,False,False,2,1.0
cyanorak:CK_00054373,uncharacterized conserved membrane protein,9,9,9,9,9,1.0,broad,True,2,2,67.0,1.73,down,"{'nitrogen': 'down', 'salt': 'down'}",,,2.0,Unknown,True,False,False,False,3,0.6666666666666666
cyanorak:CK_00042391,conserved hypothetical protein,9,9,9,9,9,1.0,broad,True,2,2,120.0,0.99,mixed,"{'growth_phase': 'up', 'salt': 'down'}",,,2.0,Unknown,True,False,False,False,4,0.5
cyanorak:CK_00037811,uncharacterized conserved membrane protein,9,9,9,9,9,1.0,broad,True,2,2,110.0,2.71,down,"{'nitrogen': 'down', 'salt': 'down'}",,,2.0,Unknown,True,False,False,False,3,0.6666666666666666
cyanorak:CK_00053681,conserved hypothetical protein,9,9,9,9,9,1.0,broad,True,2,2,21.0,2.34,down,"{'nitrogen': 'down', 'salt': 'down'}",,,2.0,Unknown,True,False,False,False,3,0.6666666666666666
cyanorak:CK_00048479,uncharacterized conserved membrane protein,9,9,9,9,9,1.0,broad,True,2,2,7.0,1.5,up,"{'carbon': 'up', 'salt': 'up'}",,,2.0,Unknown,True,False,False,False,2,1.0
cyanorak:CK_00038443,conserved hypothetical protein,9,9,9,9,9,1.0,broad,True,2,2,19.0,4.61,up,"{'nitrogen': 'up', 'salt': 'up'}",,,2.0,Unknown,True,False,False,False,3,0.6666666666666666
cyanorak:CK_00046785,conserved hypothetical protein,9,9,9,9,9,1.0,broad,True,2,2,11.0,2.86,down,"{'nitrogen': 'down', 'salt': 'down'}",,,2.0,Unknown,True,False,False,False,3,0.6666666666666666
cyanorak:CK_00003560,uncharacterized conserved membrane protein,9,9,9,9,9,1.0,broad,True,2,2,102.0,1.24,down,"{'nitrogen': 'down', 'salt': 'down'}",,,2.0,Unknown,True,False,False,False,3,0.6666666666666666
cyanorak:CK_00003451,conserved hypothetical protein,9,9,9,9,9,1.0,broad,True,2,2,18.0,1.38,mixed,"{'carbon': 'down', 'salt': 'up'}",,,2.0,Unknown,True,False,False,False,4,0.5
cyanorak:CK_00043803,conserved hypothetical protein,9,9,9,9,9,1.0,broad,True,2,2,91.0,0.96,down,"{'growth_phase': 'down', 'salt': 'down'}",,,2.0,Unknown,True,False,False,False,4,0.5
cyanorak:CK_00004178,conserved hypothetical protein,9,9,9,9,9,1.0,broad,True,1,10,1.0,8.41,mixed,{'darkness': 'mixed'},,,1.0,Unknown,True,False,True,True,1,1.0
cyanorak:CK_00047414,conserved hypothetical protein,10,10,10,10,9,0.9,broad,True,1,6,15.0,8.32,down,{'darkness': 'down'},,,1.0,Unknown,True,False,True,True,1,1.0
cyanorak:CK_00003514,conserved hypothetical protein,12,12,12,12,12,1.0,broad,True,1,5,102.0,1.94,mixed,{'darkness': 'mixed'},,,1.0,Unknown,True,False,False,False,3,0.3333333333333333
cyanorak:CK_00051643,uncharacterized conserved membrane protein,9,9,9,9,9,1.0,broad,True,1,3,44.0,1.14,mixed,{'iron': 'mixed'},,,1.0,Unknown,True,False,False,False,1,1.0
cyanorak:CK_00053684,uncharacterized conserved membrane protein,14,14,11,11,11,1.0,broad,True,1,1,23.0,0.9,down,{'carbon': 'down'},,,1.0,Unknown,True,False,False,False,1,1.0
cyanorak:CK_00003983,conserved hypothetical protein,11,10,10,11,11,1.0,broad,True,1,1,473.0,0.4,down,{'salt': 'down'},,,1.0,Unknown,True,False,False,False,1,1.0
cyanorak:CK_00050001,uncharacterized conserved membrane protein,9,9,9,9,9,1.0,broad,True,1,1,157.0,0.94,down,{'salt': 'down'},,,1.0,Unknown,True,False,False,False,1,1.0
cyanorak:CK_00043587,Conserved hypothetical protein,9,9,9,9,9,1.0,broad,True,1,1,931.0,0.0,down,{'salt': 'down'},,,1.0,Unknown,True,False,False,False,1,1.0
cyanorak:CK_00042838,uncharacterized conserved membrane protein,9,9,9,9,9,1.0,broad,True,1,1,281.0,0.66,down,{'salt': 'down'},,,1.0,Unknown,True,False,False,False,1,1.0
cyanorak:CK_00055580,Conserved hypothetical protein,9,9,9,9,9,1.0,broad,True,1,1,582.0,0.34,up,{'salt': 'up'},,,1.0,Unknown,True,False,False,False,3,0.3333333333333333
cyanorak:CK_00051596,conserved hypothetical protein,9,9,9,9,9,1.0,broad,True,1,1,39.0,1.83,down,{'salt': 'down'},,,1.0,Unknown,True,False,False,False,3,0.3333333333333333
cyanorak:CK_00047394,conserved hypothetical protein,9,9,9,9,9,1.0,broad,True,1,1,870.0,0.08,up,{'salt': 'up'},,,1.0,Unknown,True,False,False,False,3,0.3333333333333333
cyanorak:CK_00055848,possible uncharacterized conserved secreted protein,9,9,9,9,9,1.0,broad,True,1,1,318.0,0.69,up,{'salt': 'up'},,,1.0,Unknown,True,False,False,False,1,1.0
cyanorak:CK_00045181,possible uncharacterized conserved secreted protein,9,9,9,9,9,1.0,broad,True,1,1,262.0,0.7,down,{'salt': 'down'},,,1.0,Unknown,True,False,False,False,1,1.0
cyanorak:CK_00043685,conserved hypothetical protein,9,9,9,9,9,1.0,broad,True,1,1,62.0,0.9,up,{'carbon': 'up'},,,1.0,Unknown,True,False,False,False,1,1.0
cyanorak:CK_00003499,possible uncharacterized conserved secreted protein,9,9,9,9,9,1.0,broad,True,1,1,14.0,2.87,down,{'salt': 'down'},,,1.0,Unknown,True,False,False,False,3,0.3333333333333333
cyanorak:CK_00003495,uncharacterized conserved secreted protein,9,9,9,9,9,1.0,broad,True,1,1,13.0,1.61,down,{'nitrogen': 'down'},,,1.0,Unknown,True,False,False,False,2,0.5
cyanorak:CK_00003480,uncharacterized conserved membrane protein,9,9,9,9,9,1.0,broad,True,1,1,13.0,2.9,down,{'salt': 'down'},,,1.0,Unknown,True,False,False,False,3,0.3333333333333333
cyanorak:CK_00003470,conserved hypothetical protein,9,9,9,9,9,1.0,broad,True,1,1,172.0,0.96,up,{'salt': 'up'},,,1.0,Unknown,True,False,False,False,3,0.3333333333333333
cyanorak:CK_00049552,uncharacterized conserved membrane protein,9,9,9,9,9,1.0,broad,True,1,1,909.0,0.02,down,{'salt': 'down'},,,1.0,Unknown,True,False,False,False,3,0.3333333333333333
cyanorak:CK_00050709,conserved hypothetical protein,9,9,9,9,9,1.0,broad,True,1,1,623.0,0.24,down,{'salt': 'down'},,,1.0,Unknown,True,False,False,False,3,0.3333333333333333
cyanorak:CK_00003354,possible uncharacterized conserved secreted protein,9,9,9,9,9,1.0,broad,True,1,1,54.0,1.54,down,{'salt': 'down'},,,1.0,Unknown,True,False,False,False,3,0.3333333333333333
cyanorak:CK_00050031,uncharacterized conserved membrane protein,9,9,9,9,9,1.0,broad,True,0,0,,,,,,,,Unknown,False,False,False,False,0,
cyanorak:CK_00041039,uncharacterized conserved membrane protein,9,9,9,9,9,1.0,broad,True,0,0,,,,,,,,Unknown,False,False,False,False,0,
