cluster,direction,timepoint,term_id,term_name,count,bg_count,gene_ratio,fold_enrichment,pvalue,p_adjust,signed_score
10.1101/2025.11.24.690089_growth_state_pro99lown_nutrient_starvation_hot1a3_rnaseq_coculture|day 18|up,up,day 18,cog.category:J,"Translation, ribosomal structure and biogenesis",59,205,59/334,3.4010953702351396,1.300400952980087e-18,2.340721715364157e-17,16.63065021580604
10.1101/2025.11.24.690089_growth_state_pro99lown_nutrient_starvation_hot1a3_rnaseq_coculture|day 31|up,up,day 31,cog.category:J,"Translation, ribosomal structure and biogenesis",59,205,59/378,3.0052006710543298,6.335291146430556e-16,1.1403524063575003e-14,13.942960916658649
10.1101/2025.11.24.690089_growth_state_pro99lown_nutrient_starvation_hot1a3_rnaseq_coculture|day 89|down,down,day 89,cog.category:N,Cell motility,48,125,48/563,2.692092362344583,9.64298918987431e-12,1.7357380541773758e-10,-9.76051581499418
10.1101/2025.11.24.690089_growth_state_pro99lown_nutrient_starvation_hot1a3_rnaseq_coculture|day 89|up,up,day 89,cog.category:J,"Translation, ribosomal structure and biogenesis",44,205,44/290,2.9212447434819175,2.105804046721718e-11,3.7904472840990926e-10,9.421309538962163
10.1101/2025.11.24.690089_growth_state_pro99lown_nutrient_starvation_hot1a3_rnaseq_coculture|days 60+89|up,up,days 60+89,cog.category:J,"Translation, ribosomal structure and biogenesis",47,205,47/327,2.767345416573432,2.7153910973676254e-11,4.887703975261726e-10,9.31089510509845
10.1101/2025.11.24.690089_growth_state_pro99lown_nutrient_starvation_hot1a3_rnaseq_coculture|day 60|down,down,day 60,cog.category:N,Cell motility,45,125,45/528,2.691136363636364,6.061029708121702e-11,1.0909853474619064e-09,-8.962181082188168
10.1101/2025.11.24.690089_growth_state_pro99lown_nutrient_starvation_hot1a3_rnaseq_coculture|days 60+89|down,down,days 60+89,cog.category:N,Cell motility,43,125,43/536,2.5331492537313434,1.4303450629943664e-09,2.5746211133898597e-08,-7.589286673601857
10.1101/2025.11.24.690089_growth_state_pro99lown_nutrient_starvation_hot1a3_rnaseq_coculture|day 31|down,down,day 31,cog.category:T,Signal transduction mechanisms,68,290,68/493,1.8772889417360286,5.553792619357073e-08,9.996826714842732e-07,-6.000137835894117
10.1101/2025.11.24.690089_growth_state_pro99lown_nutrient_starvation_hot1a3_rnaseq_coculture|day 31|down,down,day 31,cog.category:N,Cell motility,36,125,36/493,2.3057525354969575,5.898056542435449e-07,5.308250888191904e-06,-5.275048558908137
10.1101/2025.11.24.690089_growth_state_pro99lown_nutrient_starvation_hot1a3_rnaseq_coculture|day 89|up,up,day 89,cog.category:F,Nucleotide transport and metabolism,19,78,19/290,3.315340406719718,2.00203228993748e-06,1.801829060943732e-05,4.744286412807695
10.1101/2025.11.24.690089_growth_state_pro99lown_nutrient_starvation_hot1a3_rnaseq_coculture|day 89|down,down,day 89,cog.category:K,Transcription,61,250,61/563,1.710600355239787,7.233822085697336e-06,5.466101316607089e-05,-4.262322322728322
10.1101/2025.11.24.690089_growth_state_pro99lown_nutrient_starvation_hot1a3_rnaseq_coculture|day 89|down,down,day 89,cog.category:T,Signal transduction mechanisms,68,290,68/563,1.6438782385006432,9.110168861011815e-06,5.466101316607089e-05,-4.262322322728322
10.1101/2025.11.24.690089_growth_state_pro99lown_nutrient_starvation_hot1a3_rnaseq_coculture|day 60|up,up,day 60,cog.category:J,"Translation, ribosomal structure and biogenesis",38,205,38/346,2.1145636543070636,4.4049500411680646e-06,7.928910074102516e-05,4.100786507680539
10.1101/2025.11.24.690089_growth_state_pro99lown_nutrient_starvation_hot1a3_rnaseq_coculture|days 60+89|up,up,days 60+89,cog.category:F,Nucleotide transport and metabolism,19,78,19/327,2.940210146632165,1.1960049007151495e-05,0.00010764044106436346,3.9680245313521074
10.1101/2025.11.24.690089_growth_state_pro99lown_nutrient_starvation_hot1a3_rnaseq_coculture|day 60|down,down,day 60,cog.category:T,Signal transduction mechanisms,63,290,63/528,1.6239615987460816,3.1899962312002654e-05,0.0002870996608080239,-3.541967320597505
10.1101/2025.11.24.690089_growth_state_pro99lown_nutrient_starvation_hot1a3_rnaseq_coculture|day 18|up,up,day 18,cog.category:F,Nucleotide transport and metabolism,18,78,18/334,2.727084292952557,5.93392961665653e-05,0.0005340536654990877,3.2724150997896544
10.1101/2025.11.24.690089_growth_state_pro99lown_nutrient_starvation_hot1a3_rnaseq_coculture|day 31|up,up,day 31,cog.category:F,Nucleotide transport and metabolism,19,78,19/378,2.5435151268484604,9.230699953453627e-05,0.0008307629958108265,3.080522856230673
10.1101/2025.11.24.690089_growth_state_pro99lown_nutrient_starvation_hot1a3_rnaseq_coculture|days 60+89|down,down,days 60+89,cog.category:T,Signal transduction mechanisms,59,290,59/536,1.498153628409676,0.0005878645789705057,0.005290781210734551,-2.2764801974426763
10.1101/2025.11.24.690089_growth_state_pro99lown_nutrient_starvation_hot1a3_rnaseq_coculture|day 18|down,down,day 18,cog.category:K,Transcription,37,250,37/329,1.775550151975684,0.00030546640894145655,0.005498395360946218,-2.259764035517647
10.1101/2025.11.24.690089_growth_state_pro99lown_nutrient_starvation_hot1a3_rnaseq_coculture|day 60|up,up,day 60,cog.category:F,Nucleotide transport and metabolism,16,78,16/346,2.340002964280421,0.0009408427119847847,0.008467584407863063,2.072240465461431
10.1101/2025.11.24.690089_growth_state_pro99lown_nutrient_starvation_hot1a3_rnaseq_coculture|day 31|down,down,day 31,cog.category:K,Transcription,45,250,45/493,1.4410953346855986,0.005903794986337008,0.035422769918022054,-1.4507174817377635
10.1101/2025.11.24.690089_growth_state_pro99lown_nutrient_starvation_hot1a3_rnaseq_coculture|day 89|up,up,day 89,cog.category:P,Inorganic ion transport and metabolism,26,215,26/290,1.6459021651964716,0.0070714943832954165,0.042428966299772504,1.3723375488549576
10.1101/2025.11.24.690089_growth_state_pro99lown_nutrient_starvation_hot1a3_rnaseq_coculture|day 18|up,up,day 18,cog.category:G,Carbohydrate transport and metabolism,23,169,23/334,1.6082804804592,0.014147731898782647,0.0848863913926959,1.071161928328216
10.1101/2025.11.24.690089_growth_state_pro99lown_nutrient_starvation_hot1a3_rnaseq_coculture|day 89|up,up,day 89,cog.category:C,Energy production and conversion,25,223,25/290,1.5258234111643731,0.020301289938797987,0.09135580472459094,1.0392638524738238
10.1101/2025.11.24.690089_growth_state_pro99lown_nutrient_starvation_hot1a3_rnaseq_coculture|days 60+89|up,up,days 60+89,cog.category:P,Inorganic ion transport and metabolism,27,215,27/327,1.515809686366546,0.017379410057841504,0.10427646034704903,0.9818137193318165
10.1101/2025.11.24.690089_growth_state_pro99lown_nutrient_starvation_hot1a3_rnaseq_coculture|day 18|down,down,day 18,cog.category:N,Cell motility,18,125,18/329,1.7275623100303954,0.01445920757522054,0.13013286817698486,-0.8856129980958822
10.1101/2025.11.24.690089_growth_state_pro99lown_nutrient_starvation_hot1a3_rnaseq_coculture|day 31|up,up,day 31,cog.category:G,Carbohydrate transport and metabolism,24,169,24/378,1.4828590213205597,0.030128115237379953,0.18076869142427973,0.7428767858025522
10.1101/2025.11.24.690089_growth_state_pro99lown_nutrient_starvation_hot1a3_rnaseq_coculture|day 31|up,up,day 31,cog.category:I,Lipid transport and metabolism,19,133,19/378,1.4916855631141346,0.04770509048748902,0.2146729071937006,0.668222762264843
10.1101/2025.11.24.690089_growth_state_pro99lown_nutrient_starvation_hot1a3_rnaseq_coculture|days 60+89|down,down,days 60+89,cog.category:K,Transcription,44,250,44/536,1.2960298507462689,0.03745425102293226,0.22472550613759357,-0.6483476327603851
10.1101/2025.11.24.690089_growth_state_pro99lown_nutrient_starvation_hot1a3_rnaseq_coculture|day 18|up,up,day 18,cog.category:I,Lipid transport and metabolism,17,133,17/334,1.510490297600288,0.05420806268510261,0.24393628208296175,0.6127235997004544
10.1101/2025.11.24.690089_growth_state_pro99lown_nutrient_starvation_hot1a3_rnaseq_coculture|day 89|up,up,day 89,cog.category:G,Carbohydrate transport and metabolism,18,169,18/290,1.4496225260150988,0.06816138628368162,0.24538099062125385,0.6101590845921608
10.1101/2025.11.24.690089_growth_state_pro99lown_nutrient_starvation_hot1a3_rnaseq_coculture|days 60+89|down,down,days 60+89,cog.category:Q,"Secondary metabolites biosynthesis, transport and catabolism",14,67,14/536,1.5387057251058143,0.0625210242702974,0.28134460921633836,-0.5507614018536058
10.1101/2025.11.24.690089_growth_state_pro99lown_nutrient_starvation_hot1a3_rnaseq_coculture|day 31|up,up,day 31,cog.category:C,Energy production and conversion,27,223,27/378,1.2642536835361946,0.11607108692617439,0.3678932617597396,0.4342781665243014
10.1101/2025.11.24.690089_growth_state_pro99lown_nutrient_starvation_hot1a3_rnaseq_coculture|day 31|up,up,day 31,cog.category:P,Inorganic ion transport and metabolism,26,215,26/378,1.2627291743570814,0.12263108725324652,0.3678932617597396,0.4342781665243014
10.1101/2025.11.24.690089_growth_state_pro99lown_nutrient_starvation_hot1a3_rnaseq_coculture|day 89|down,down,day 89,cog.category:Q,"Secondary metabolites biosynthesis, transport and catabolism",14,67,14/563,1.4649134434399937,0.08686301685881054,0.39088357586464745,-0.4079525773579979
10.1101/2025.11.24.690089_growth_state_pro99lown_nutrient_starvation_hot1a3_rnaseq_coculture|day 18|up,up,day 18,cog.category:P,Inorganic ion transport and metabolism,23,215,23/334,1.2641832613842083,0.13968729951443395,0.5028742782519622,0.2985405777394296
10.1101/2025.11.24.690089_growth_state_pro99lown_nutrient_starvation_hot1a3_rnaseq_coculture|day 60|up,up,day 60,cog.category:P,Inorganic ion transport and metabolism,25,215,25/346,1.3264551687054713,0.08415680167938738,0.5049408100763243,0.29675952755226426
10.1101/2025.11.24.690089_growth_state_pro99lown_nutrient_starvation_hot1a3_rnaseq_coculture|day 18|down,down,day 18,cog.category:T,Signal transduction mechanisms,31,290,31/329,1.282433707158579,0.08450437932607986,0.5070262759564792,-0.29496953335461745
10.1101/2025.11.24.690089_growth_state_pro99lown_nutrient_starvation_hot1a3_rnaseq_coculture|day 60|down,down,day 60,cog.category:I,Lipid transport and metabolism,21,133,21/528,1.180322966507177,0.23673901051737226,0.7102170315521168,-0.14860891719293265
10.1101/2025.11.24.690089_growth_state_pro99lown_nutrient_starvation_hot1a3_rnaseq_coculture|day 60|down,down,day 60,cog.category:K,Transcription,40,250,40/528,1.1960606060606063,0.12367767928604285,0.7102170315521168,-0.14860891719293265
10.1101/2025.11.24.690089_growth_state_pro99lown_nutrient_starvation_hot1a3_rnaseq_coculture|day 60|down,down,day 60,cog.category:P,Inorganic ion transport and metabolism,33,215,33/528,1.1473837209302327,0.21781686802110958,0.7102170315521168,-0.14860891719293265
10.1101/2025.11.24.690089_growth_state_pro99lown_nutrient_starvation_hot1a3_rnaseq_coculture|day 60|down,down,day 60,cog.category:Q,"Secondary metabolites biosynthesis, transport and catabolism",12,67,12/528,1.33887381275441,0.17699003436940147,0.7102170315521168,-0.14860891719293265
10.1101/2025.11.24.690089_growth_state_pro99lown_nutrient_starvation_hot1a3_rnaseq_coculture|day 60|down,down,day 60,cog.category:U,"Intracellular trafficking, secretion, and vesicular transport",19,123,19/528,1.1547333086967235,0.2837054897203049,0.7295284021379269,-0.1369577954063615
10.1101/2025.11.24.690089_growth_state_pro99lown_nutrient_starvation_hot1a3_rnaseq_coculture|day 18|up,up,day 18,cog.category:H,Coenzyme transport and metabolism,15,146,15/334,1.2141128701501107,0.25060092705004233,0.751802781150127,0.1238960720301348
10.1101/2025.11.24.690089_growth_state_pro99lown_nutrient_starvation_hot1a3_rnaseq_coculture|day 31|up,up,day 31,cog.category:Q,"Secondary metabolites biosynthesis, transport and catabolism",8,67,8/378,1.2467819631998736,0.3096824583415146,0.7963263214496089,0.09890892904155046
10.1101/2025.11.24.690089_growth_state_pro99lown_nutrient_starvation_hot1a3_rnaseq_coculture|day 60|down,down,day 60,cog.category:M,Cell wall/membrane/envelope biogenesis,37,259,37/528,1.0679112554112553,0.3566815781726977,0.8025335508885698,-0.09553680233594249
10.1101/2025.11.24.690089_growth_state_pro99lown_nutrient_starvation_hot1a3_rnaseq_coculture|day 89|up,up,day 89,cog.category:H,Coenzyme transport and metabolism,13,146,13/290,1.2118800188946621,0.27372860740176713,0.8211858222053015,0.08555855734230805
10.1101/2025.11.24.690089_growth_state_pro99lown_nutrient_starvation_hot1a3_rnaseq_coculture|days 60+89|up,up,days 60+89,cog.category:C,Energy production and conversion,22,223,22/327,1.1907955184377614,0.22064377509491923,0.8367933493422507,0.0773817801443912
10.1101/2025.11.24.690089_growth_state_pro99lown_nutrient_starvation_hot1a3_rnaseq_coculture|days 60+89|up,up,days 60+89,cog.category:G,Carbohydrate transport and metabolism,17,169,17/327,1.214175850026238,0.2324425970395141,0.8367933493422507,0.0773817801443912
10.1101/2025.11.24.690089_growth_state_pro99lown_nutrient_starvation_hot1a3_rnaseq_coculture|day 89|up,up,day 89,cog.category:I,Lipid transport and metabolism,11,133,11/290,1.12566761731916,0.38660297629804397,0.869856696670599,0.06055228872781198
10.1101/2025.11.24.690089_growth_state_pro99lown_nutrient_starvation_hot1a3_rnaseq_coculture|day 89|up,up,day 89,cog.category:Q,"Secondary metabolites biosynthesis, transport and catabolism",6,67,6/290,1.2188368502316007,0.36962968111221717,0.869856696670599,0.06055228872781198
10.1101/2025.11.24.690089_growth_state_pro99lown_nutrient_starvation_hot1a3_rnaseq_coculture|day 31|up,up,day 31,cog.category:D,"Cell cycle control, cell division, chromosome partitioning",5,51,5/378,1.0237057786077395,0.5479484458209827,0.998548770845867,0.000630718582989901
10.1101/2025.11.24.690089_growth_state_pro99lown_nutrient_starvation_hot1a3_rnaseq_coculture|day 31|up,up,day 31,cog.category:E,Amino acid transport and metabolism,19,270,19/378,0.7347932588673329,0.9474558197150087,0.998548770845867,0.000630718582989901
10.1101/2025.11.24.690089_growth_state_pro99lown_nutrient_starvation_hot1a3_rnaseq_coculture|day 31|up,up,day 31,cog.category:H,Coenzyme transport and metabolism,13,146,13/378,0.9297492208451111,0.6534104272478886,0.998548770845867,0.000630718582989901
10.1101/2025.11.24.690089_growth_state_pro99lown_nutrient_starvation_hot1a3_rnaseq_coculture|day 31|up,up,day 31,cog.category:K,Transcription,22,250,22/378,0.918878306878307,0.699669417838406,0.998548770845867,0.000630718582989901
10.1101/2025.11.24.690089_growth_state_pro99lown_nutrient_starvation_hot1a3_rnaseq_coculture|day 31|up,up,day 31,cog.category:L,"Replication, recombination and repair",9,185,9/378,0.507979407979408,0.9946594341570696,0.998548770845867,0.000630718582989901
10.1101/2025.11.24.690089_growth_state_pro99lown_nutrient_starvation_hot1a3_rnaseq_coculture|day 31|up,up,day 31,cog.category:M,Cell wall/membrane/envelope biogenesis,16,259,16/378,0.6450532164817878,0.9834874190414473,0.998548770845867,0.000630718582989901
10.1101/2025.11.24.690089_growth_state_pro99lown_nutrient_starvation_hot1a3_rnaseq_coculture|day 31|up,up,day 31,cog.category:N,Cell motility,4,125,4/378,0.3341375661375661,0.998548770845867,0.998548770845867,0.000630718582989901
10.1101/2025.11.24.690089_growth_state_pro99lown_nutrient_starvation_hot1a3_rnaseq_coculture|day 31|up,up,day 31,cog.category:O,"Post-translational modification, protein turnover, chaperones",8,155,8/378,0.538931558286397,0.985863475068003,0.998548770845867,0.000630718582989901
10.1101/2025.11.24.690089_growth_state_pro99lown_nutrient_starvation_hot1a3_rnaseq_coculture|day 31|up,up,day 31,cog.category:T,Signal transduction mechanisms,15,290,15/378,0.5400930487137384,0.9984483895764913,0.998548770845867,0.000630718582989901
10.1101/2025.11.24.690089_growth_state_pro99lown_nutrient_starvation_hot1a3_rnaseq_coculture|day 31|up,up,day 31,cog.category:U,"Intracellular trafficking, secretion, and vesicular transport",12,123,12/378,1.0187120918828236,0.5188820608883095,0.998548770845867,0.000630718582989901
10.1101/2025.11.24.690089_growth_state_pro99lown_nutrient_starvation_hot1a3_rnaseq_coculture|day 31|up,up,day 31,cog.category:V,Defense mechanisms,5,53,5/378,0.9850753718678247,0.5833063253607447,0.998548770845867,0.000630718582989901
10.1101/2025.11.24.690089_growth_state_pro99lown_nutrient_starvation_hot1a3_rnaseq_coculture|days 60+89|down,down,days 60+89,cog.category:C,Energy production and conversion,18,223,18/536,0.5943879258416438,0.9968075796011171,0.9999177703786276,-3.5713339178325185e-05
10.1101/2025.11.24.690089_growth_state_pro99lown_nutrient_starvation_hot1a3_rnaseq_coculture|days 60+89|down,down,days 60+89,cog.category:D,"Cell cycle control, cell division, chromosome partitioning",7,51,7/536,1.010718466491074,0.5502577705704258,0.9999177703786276,-3.5713339178325185e-05
10.1101/2025.11.24.690089_growth_state_pro99lown_nutrient_starvation_hot1a3_rnaseq_coculture|days 60+89|down,down,days 60+89,cog.category:E,Amino acid transport and metabolism,30,270,30/536,0.8182006633499171,0.9091190534666174,0.9999177703786276,-3.5713339178325185e-05
10.1101/2025.11.24.690089_growth_state_pro99lown_nutrient_starvation_hot1a3_rnaseq_coculture|days 60+89|down,down,days 60+89,cog.category:F,Nucleotide transport and metabolism,5,78,5/536,0.47203884424033676,0.9864420119031796,0.9999177703786276,-3.5713339178325185e-05
10.1101/2025.11.24.690089_growth_state_pro99lown_nutrient_starvation_hot1a3_rnaseq_coculture|days 60+89|down,down,days 60+89,cog.category:G,Carbohydrate transport and metabolism,12,169,12/536,0.5228737966969884,0.9976695691005361,0.9999177703786276,-3.5713339178325185e-05
10.1101/2025.11.24.690089_growth_state_pro99lown_nutrient_starvation_hot1a3_rnaseq_coculture|days 60+89|down,down,days 60+89,cog.category:H,Coenzyme transport and metabolism,9,146,9/536,0.45393324473522795,0.9988684125819322,0.9999177703786276,-3.5713339178325185e-05
10.1101/2025.11.24.690089_growth_state_pro99lown_nutrient_starvation_hot1a3_rnaseq_coculture|days 60+89|down,down,days 60+89,cog.category:I,Lipid transport and metabolism,19,133,19/536,1.0519722814498933,0.4436254773304989,0.9999177703786276,-3.5713339178325185e-05
10.1101/2025.11.24.690089_growth_state_pro99lown_nutrient_starvation_hot1a3_rnaseq_coculture|days 60+89|down,down,days 60+89,cog.category:J,"Translation, ribosomal structure and biogenesis",12,205,12/536,0.4310520567892246,0.9999177703786276,0.9999177703786276,-3.5713339178325185e-05
10.1101/2025.11.24.690089_growth_state_pro99lown_nutrient_starvation_hot1a3_rnaseq_coculture|days 60+89|down,down,days 60+89,cog.category:L,"Replication, recombination and repair",19,185,19/536,0.7562827753126261,0.9316402338260942,0.9999177703786276,-3.5713339178325185e-05
10.1101/2025.11.24.690089_growth_state_pro99lown_nutrient_starvation_hot1a3_rnaseq_coculture|days 60+89|down,down,days 60+89,cog.category:M,Cell wall/membrane/envelope biogenesis,36,259,36/536,1.023540598167464,0.4676065628269227,0.9999177703786276,-3.5713339178325185e-05
10.1101/2025.11.24.690089_growth_state_pro99lown_nutrient_starvation_hot1a3_rnaseq_coculture|days 60+89|down,down,days 60+89,cog.category:O,"Post-translational modification, protein turnover, chaperones",18,155,18/536,0.8551516610495908,0.800006644471442,0.9999177703786276,-3.5713339178325185e-05
10.1101/2025.11.24.690089_growth_state_pro99lown_nutrient_starvation_hot1a3_rnaseq_coculture|days 60+89|down,down,days 60+89,cog.category:P,Inorganic ion transport and metabolism,30,215,30/536,1.027507809788268,0.4664602151338821,0.9999177703786276,-3.5713339178325185e-05
10.1101/2025.11.24.690089_growth_state_pro99lown_nutrient_starvation_hot1a3_rnaseq_coculture|days 60+89|down,down,days 60+89,cog.category:U,"Intracellular trafficking, secretion, and vesicular transport",16,123,16/536,0.9578934595316103,0.6155313094187624,0.9999177703786276,-3.5713339178325185e-05
10.1101/2025.11.24.690089_growth_state_pro99lown_nutrient_starvation_hot1a3_rnaseq_coculture|days 60+89|down,down,days 60+89,cog.category:V,Defense mechanisms,4,53,4/536,0.5557589411433399,0.942502881696597,0.9999177703786276,-3.5713339178325185e-05
10.1101/2025.11.24.690089_growth_state_pro99lown_nutrient_starvation_hot1a3_rnaseq_coculture|day 18|up,up,day 18,cog.category:C,Energy production and conversion,18,223,18/334,0.9538680486560511,0.6224596944510511,0.9999618085991288,1.6586631389897488e-05
10.1101/2025.11.24.690089_growth_state_pro99lown_nutrient_starvation_hot1a3_rnaseq_coculture|day 18|up,up,day 18,cog.category:D,"Cell cycle control, cell division, chromosome partitioning",3,51,3/334,0.6951391334977105,0.8190005513951124,0.9999618085991288,1.6586631389897488e-05
10.1101/2025.11.24.690089_growth_state_pro99lown_nutrient_starvation_hot1a3_rnaseq_coculture|day 18|up,up,day 18,cog.category:E,Amino acid transport and metabolism,21,270,21/334,0.9191284098469727,0.6956687961485628,0.9999618085991288,1.6586631389897488e-05
10.1101/2025.11.24.690089_growth_state_pro99lown_nutrient_starvation_hot1a3_rnaseq_coculture|day 18|up,up,day 18,cog.category:K,Transcription,15,250,15/334,0.7090419161676648,0.9465839128646047,0.9999618085991288,1.6586631389897488e-05
10.1101/2025.11.24.690089_growth_state_pro99lown_nutrient_starvation_hot1a3_rnaseq_coculture|day 18|up,up,day 18,cog.category:L,"Replication, recombination and repair",12,185,12/334,0.7665318012623402,0.8721012838631685,0.9999618085991288,1.6586631389897488e-05
10.1101/2025.11.24.690089_growth_state_pro99lown_nutrient_starvation_hot1a3_rnaseq_coculture|day 18|up,up,day 18,cog.category:M,Cell wall/membrane/envelope biogenesis,19,259,19/334,0.8669109657133609,0.7819334015596733,0.9999618085991288,1.6586631389897488e-05
10.1101/2025.11.24.690089_growth_state_pro99lown_nutrient_starvation_hot1a3_rnaseq_coculture|day 18|up,up,day 18,cog.category:N,Cell motility,2,125,2/334,0.18907784431137728,0.9998292711535146,0.9999618085991288,1.6586631389897488e-05
10.1101/2025.11.24.690089_growth_state_pro99lown_nutrient_starvation_hot1a3_rnaseq_coculture|day 18|up,up,day 18,cog.category:O,"Post-translational modification, protein turnover, chaperones",14,155,14/334,1.0673749275642264,0.4403057905291246,0.9999618085991288,1.6586631389897488e-05
10.1101/2025.11.24.690089_growth_state_pro99lown_nutrient_starvation_hot1a3_rnaseq_coculture|day 18|up,up,day 18,cog.category:Q,"Secondary metabolites biosynthesis, transport and catabolism",3,67,3/334,0.5291357583340781,0.9318550409337514,0.9999618085991288,1.6586631389897488e-05
10.1101/2025.11.24.690089_growth_state_pro99lown_nutrient_starvation_hot1a3_rnaseq_coculture|day 18|up,up,day 18,cog.category:T,Signal transduction mechanisms,9,290,9/334,0.3667458187074128,0.9999618085991288,0.9999618085991288,1.6586631389897488e-05
10.1101/2025.11.24.690089_growth_state_pro99lown_nutrient_starvation_hot1a3_rnaseq_coculture|day 18|up,up,day 18,cog.category:U,"Intracellular trafficking, secretion, and vesicular transport",9,123,9/334,0.8646852636191034,0.7261663566208727,0.9999618085991288,1.6586631389897488e-05
10.1101/2025.11.24.690089_growth_state_pro99lown_nutrient_starvation_hot1a3_rnaseq_coculture|day 18|up,up,day 18,cog.category:V,Defense mechanisms,4,53,4/334,0.8918766241102701,0.6679745343143486,0.9999618085991288,1.6586631389897488e-05
10.1101/2025.11.24.690089_growth_state_pro99lown_nutrient_starvation_hot1a3_rnaseq_coculture|day 60|down,down,day 60,cog.category:C,Energy production and conversion,21,223,21/528,0.703959437423563,0.9748527455919214,0.9999886207325384,-4.9419811848085054e-06
10.1101/2025.11.24.690089_growth_state_pro99lown_nutrient_starvation_hot1a3_rnaseq_coculture|day 60|down,down,day 60,cog.category:D,"Cell cycle control, cell division, chromosome partitioning",6,51,6/528,0.8794563279857398,0.6952398694679831,0.9999886207325384,-4.9419811848085054e-06
10.1101/2025.11.24.690089_growth_state_pro99lown_nutrient_starvation_hot1a3_rnaseq_coculture|day 60|down,down,day 60,cog.category:E,Amino acid transport and metabolism,29,270,29/528,0.8029110549943884,0.9241370523864616,0.9999886207325384,-4.9419811848085054e-06
10.1101/2025.11.24.690089_growth_state_pro99lown_nutrient_starvation_hot1a3_rnaseq_coculture|day 60|down,down,day 60,cog.category:F,Nucleotide transport and metabolism,4,78,4/528,0.3833527583527584,0.9953194941469401,0.9999886207325384,-4.9419811848085054e-06
10.1101/2025.11.24.690089_growth_state_pro99lown_nutrient_starvation_hot1a3_rnaseq_coculture|day 60|down,down,day 60,cog.category:G,Carbohydrate transport and metabolism,17,169,17/528,0.7519611798457951,0.9252578205655312,0.9999886207325384,-4.9419811848085054e-06
10.1101/2025.11.24.690089_growth_state_pro99lown_nutrient_starvation_hot1a3_rnaseq_coculture|day 60|down,down,day 60,cog.category:H,Coenzyme transport and metabolism,11,146,11/528,0.5632134703196346,0.9914553438343481,0.9999886207325384,-4.9419811848085054e-06
10.1101/2025.11.24.690089_growth_state_pro99lown_nutrient_starvation_hot1a3_rnaseq_coculture|day 60|down,down,day 60,cog.category:J,"Translation, ribosomal structure and biogenesis",10,205,10/528,0.3646526237989653,0.9999886207325384,0.9999886207325384,-4.9419811848085054e-06
10.1101/2025.11.24.690089_growth_state_pro99lown_nutrient_starvation_hot1a3_rnaseq_coculture|day 60|down,down,day 60,cog.category:L,"Replication, recombination and repair",19,185,19/528,0.7677416052416054,0.9205462700228233,0.9999886207325384,-4.9419811848085054e-06
10.1101/2025.11.24.690089_growth_state_pro99lown_nutrient_starvation_hot1a3_rnaseq_coculture|day 60|down,down,day 60,cog.category:O,"Post-translational modification, protein turnover, chaperones",19,155,19/528,0.9163367546432064,0.6978324623886305,0.9999886207325384,-4.9419811848085054e-06
10.1101/2025.11.24.690089_growth_state_pro99lown_nutrient_starvation_hot1a3_rnaseq_coculture|day 60|down,down,day 60,cog.category:V,Defense mechanisms,3,53,3/528,0.42313464837049747,0.9797897939937633,0.9999886207325384,-4.9419811848085054e-06
10.1101/2025.11.24.690089_growth_state_pro99lown_nutrient_starvation_hot1a3_rnaseq_coculture|day 60|up,up,day 60,cog.category:C,Energy production and conversion,23,223,23/346,1.1765597864122967,0.2314757098143999,0.9999913759328632,3.7454009193728108e-06
10.1101/2025.11.24.690089_growth_state_pro99lown_nutrient_starvation_hot1a3_rnaseq_coculture|day 60|up,up,day 60,cog.category:D,"Cell cycle control, cell division, chromosome partitioning",3,51,3/346,0.6710302618157089,0.8376358590476942,0.9999913759328632,3.7454009193728108e-06
10.1101/2025.11.24.690089_growth_state_pro99lown_nutrient_starvation_hot1a3_rnaseq_coculture|day 60|up,up,day 60,cog.category:E,Amino acid transport and metabolism,17,270,17/346,0.7182509098694071,0.9503143146074873,0.9999913759328632,3.7454009193728108e-06
10.1101/2025.11.24.690089_growth_state_pro99lown_nutrient_starvation_hot1a3_rnaseq_coculture|day 60|up,up,day 60,cog.category:G,Carbohydrate transport and metabolism,16,169,16/346,1.080001368129425,0.41132359655784895,0.9999913759328632,3.7454009193728108e-06
10.1101/2025.11.24.690089_growth_state_pro99lown_nutrient_starvation_hot1a3_rnaseq_coculture|day 60|up,up,day 60,cog.category:H,Coenzyme transport and metabolism,13,146,13/346,1.0157375880909019,0.5202569794294134,0.9999913759328632,3.7454009193728108e-06
10.1101/2025.11.24.690089_growth_state_pro99lown_nutrient_starvation_hot1a3_rnaseq_coculture|day 60|up,up,day 60,cog.category:I,Lipid transport and metabolism,9,133,9/346,0.7719370681037855,0.8379923783679919,0.9999913759328632,3.7454009193728108e-06
10.1101/2025.11.24.690089_growth_state_pro99lown_nutrient_starvation_hot1a3_rnaseq_coculture|day 60|up,up,day 60,cog.category:K,Transcription,23,250,23/346,1.0494913294797688,0.4355245037800283,0.9999913759328632,3.7454009193728108e-06
10.1101/2025.11.24.690089_growth_state_pro99lown_nutrient_starvation_hot1a3_rnaseq_coculture|day 60|up,up,day 60,cog.category:L,"Replication, recombination and repair",7,185,7/346,0.4316356819246993,0.9978800380468601,0.9999913759328632,3.7454009193728108e-06
10.1101/2025.11.24.690089_growth_state_pro99lown_nutrient_starvation_hot1a3_rnaseq_coculture|day 60|up,up,day 60,cog.category:M,Cell wall/membrane/envelope biogenesis,17,259,17/346,0.7487557747673355,0.9254321668969644,0.9999913759328632,3.7454009193728108e-06
10.1101/2025.11.24.690089_growth_state_pro99lown_nutrient_starvation_hot1a3_rnaseq_coculture|day 60|up,up,day 60,cog.category:N,Cell motility,1,125,1/346,0.09126011560693642,0.9999913759328632,0.9999913759328632,3.7454009193728108e-06
10.1101/2025.11.24.690089_growth_state_pro99lown_nutrient_starvation_hot1a3_rnaseq_coculture|day 60|up,up,day 60,cog.category:O,"Post-translational modification, protein turnover, chaperones",10,155,10/346,0.7359686742494873,0.8857080407930578,0.9999913759328632,3.7454009193728108e-06
10.1101/2025.11.24.690089_growth_state_pro99lown_nutrient_starvation_hot1a3_rnaseq_coculture|day 60|up,up,day 60,cog.category:Q,"Secondary metabolites biosynthesis, transport and catabolism",4,67,4/346,0.6810456388577345,0.8517116741110676,0.9999913759328632,3.7454009193728108e-06
10.1101/2025.11.24.690089_growth_state_pro99lown_nutrient_starvation_hot1a3_rnaseq_coculture|day 60|up,up,day 60,cog.category:T,Signal transduction mechanisms,14,290,14/346,0.5507075941797888,0.9970872820473674,0.9999913759328632,3.7454009193728108e-06
10.1101/2025.11.24.690089_growth_state_pro99lown_nutrient_starvation_hot1a3_rnaseq_coculture|day 60|up,up,day 60,cog.category:U,"Intracellular trafficking, secretion, and vesicular transport",10,123,10/346,0.9274401992574839,0.6478531126147058,0.9999913759328632,3.7454009193728108e-06
10.1101/2025.11.24.690089_growth_state_pro99lown_nutrient_starvation_hot1a3_rnaseq_coculture|day 60|up,up,day 60,cog.category:V,Defense mechanisms,4,53,4/346,0.8609444868578907,0.6956187599534113,0.9999913759328632,3.7454009193728108e-06
10.1101/2025.11.24.690089_growth_state_pro99lown_nutrient_starvation_hot1a3_rnaseq_coculture|day 31|down,down,day 31,cog.category:C,Energy production and conversion,25,223,25/493,0.8975431830378665,0.7540647335521509,0.9999962721378611,-1.6189929739001363e-06
10.1101/2025.11.24.690089_growth_state_pro99lown_nutrient_starvation_hot1a3_rnaseq_coculture|day 31|down,down,day 31,cog.category:D,"Cell cycle control, cell division, chromosome partitioning",7,51,7/493,1.0988744382134192,0.45703453025385843,0.9999962721378611,-1.6189929739001363e-06
10.1101/2025.11.24.690089_growth_state_pro99lown_nutrient_starvation_hot1a3_rnaseq_coculture|day 31|down,down,day 31,cog.category:E,Amino acid transport and metabolism,34,270,34/493,1.0081736909323118,0.5088244146395612,0.9999962721378611,-1.6189929739001363e-06
10.1101/2025.11.24.690089_growth_state_pro99lown_nutrient_starvation_hot1a3_rnaseq_coculture|day 31|down,down,day 31,cog.category:F,Nucleotide transport and metabolism,5,78,5/493,0.513210589275498,0.9742789338410132,0.9999962721378611,-1.6189929739001363e-06
10.1101/2025.11.24.690089_growth_state_pro99lown_nutrient_starvation_hot1a3_rnaseq_coculture|day 31|down,down,day 31,cog.category:G,Carbohydrate transport and metabolism,17,169,17/493,0.805345847786166,0.8650648676696567,0.9999962721378611,-1.6189929739001363e-06
10.1101/2025.11.24.690089_growth_state_pro99lown_nutrient_starvation_hot1a3_rnaseq_coculture|day 31|down,down,day 31,cog.category:H,Coenzyme transport and metabolism,11,146,11/493,0.6031981994498318,0.9813961269063405,0.9999962721378611,-1.6189929739001363e-06
10.1101/2025.11.24.690089_growth_state_pro99lown_nutrient_starvation_hot1a3_rnaseq_coculture|day 31|down,down,day 31,cog.category:I,Lipid transport and metabolism,18,133,18/493,1.083530326831277,0.3950871147166463,0.9999962721378611,-1.6189929739001363e-06
10.1101/2025.11.24.690089_growth_state_pro99lown_nutrient_starvation_hot1a3_rnaseq_coculture|day 31|down,down,day 31,cog.category:J,"Translation, ribosomal structure and biogenesis",8,205,8/493,0.3124325928857666,0.9999962721378611,0.9999962721378611,-1.6189929739001363e-06
10.1101/2025.11.24.690089_growth_state_pro99lown_nutrient_starvation_hot1a3_rnaseq_coculture|day 31|down,down,day 31,cog.category:L,"Replication, recombination and repair",19,185,19/493,0.8222465873581493,0.8539187987768118,0.9999962721378611,-1.6189929739001363e-06
10.1101/2025.11.24.690089_growth_state_pro99lown_nutrient_starvation_hot1a3_rnaseq_coculture|day 31|down,down,day 31,cog.category:M,Cell wall/membrane/envelope biogenesis,26,259,26/493,0.8036996718538301,0.9116496173183339,0.9999962721378611,-1.6189929739001363e-06
10.1101/2025.11.24.690089_growth_state_pro99lown_nutrient_starvation_hot1a3_rnaseq_coculture|day 31|down,down,day 31,cog.category:O,"Post-translational modification, protein turnover, chaperones",15,155,15/493,0.7747824380030099,0.8889114216263723,0.9999962721378611,-1.6189929739001363e-06
10.1101/2025.11.24.690089_growth_state_pro99lown_nutrient_starvation_hot1a3_rnaseq_coculture|day 31|down,down,day 31,cog.category:P,Inorganic ion transport and metabolism,26,215,26/493,0.9681777442332186,0.6046093530908629,0.9999962721378611,-1.6189929739001363e-06
10.1101/2025.11.24.690089_growth_state_pro99lown_nutrient_starvation_hot1a3_rnaseq_coculture|day 31|down,down,day 31,cog.category:Q,"Secondary metabolites biosynthesis, transport and catabolism",10,67,10/493,1.1949380884623535,0.32334033804894224,0.9999962721378611,-1.6189929739001363e-06
10.1101/2025.11.24.690089_growth_state_pro99lown_nutrient_starvation_hot1a3_rnaseq_coculture|day 31|down,down,day 31,cog.category:U,"Intracellular trafficking, secretion, and vesicular transport",13,123,13/493,0.8461716057322846,0.7826843554003808,0.9999962721378611,-1.6189929739001363e-06
10.1101/2025.11.24.690089_growth_state_pro99lown_nutrient_starvation_hot1a3_rnaseq_coculture|day 31|down,down,day 31,cog.category:V,Defense mechanisms,2,53,2/493,0.30211642236595354,0.9929915771559658,0.9999962721378611,-1.6189929739001363e-06
10.1101/2025.11.24.690089_growth_state_pro99lown_nutrient_starvation_hot1a3_rnaseq_coculture|day 89|down,down,day 89,cog.category:C,Energy production and conversion,20,223,20/563,0.6287584927000613,0.9946655246002708,0.9999975127247709,-1.0802112503702089e-06
10.1101/2025.11.24.690089_growth_state_pro99lown_nutrient_starvation_hot1a3_rnaseq_coculture|day 89|down,down,day 89,cog.category:D,"Cell cycle control, cell division, chromosome partitioning",7,51,7/563,0.9622470657890154,0.6056381603539437,0.9999975127247709,-1.0802112503702089e-06
10.1101/2025.11.24.690089_growth_state_pro99lown_nutrient_starvation_hot1a3_rnaseq_coculture|day 89|down,down,day 89,cog.category:E,Amino acid transport and metabolism,30,270,30/563,0.7789619104006316,0.9515528744094911,0.9999975127247709,-1.0802112503702089e-06
10.1101/2025.11.24.690089_growth_state_pro99lown_nutrient_starvation_hot1a3_rnaseq_coculture|day 89|down,down,day 89,cog.category:F,Nucleotide transport and metabolism,6,78,6/563,0.5392813225850527,0.9751638239512663,0.9999975127247709,-1.0802112503702089e-06
10.1101/2025.11.24.690089_growth_state_pro99lown_nutrient_starvation_hot1a3_rnaseq_coculture|day 89|down,down,day 89,cog.category:G,Carbohydrate transport and metabolism,13,169,13/563,0.5392813225850526,0.9974286060471586,0.9999975127247709,-1.0802112503702089e-06
10.1101/2025.11.24.690089_growth_state_pro99lown_nutrient_starvation_hot1a3_rnaseq_coculture|day 89|down,down,day 89,cog.category:H,Coenzyme transport and metabolism,11,146,11/563,0.5282001995182365,0.996270788886031,0.9999975127247709,-1.0802112503702089e-06
10.1101/2025.11.24.690089_growth_state_pro99lown_nutrient_starvation_hot1a3_rnaseq_coculture|day 89|down,down,day 89,cog.category:I,Lipid transport and metabolism,18,133,18/563,0.9488107480067843,0.6354292665009524,0.9999975127247709,-1.0802112503702089e-06
10.1101/2025.11.24.690089_growth_state_pro99lown_nutrient_starvation_hot1a3_rnaseq_coculture|day 89|down,down,day 89,cog.category:J,"Translation, ribosomal structure and biogenesis",10,205,10/563,0.3419832777368626,0.9999975127247709,0.9999975127247709,-1.0802112503702089e-06
10.1101/2025.11.24.690089_growth_state_pro99lown_nutrient_starvation_hot1a3_rnaseq_coculture|day 89|down,down,day 89,cog.category:L,"Replication, recombination and repair",15,185,15/563,0.5684316643464068,0.9968106776971187,0.9999975127247709,-1.0802112503702089e-06
10.1101/2025.11.24.690089_growth_state_pro99lown_nutrient_starvation_hot1a3_rnaseq_coculture|day 89|down,down,day 89,cog.category:M,Cell wall/membrane/envelope biogenesis,32,259,32/563,0.8661815837659532,0.8416352368432639,0.9999975127247709,-1.0802112503702089e-06
10.1101/2025.11.24.690089_growth_state_pro99lown_nutrient_starvation_hot1a3_rnaseq_coculture|day 89|down,down,day 89,cog.category:O,"Post-translational modification, protein turnover, chaperones",18,155,18/563,0.8141408353864665,0.8612308947081796,0.9999975127247709,-1.0802112503702089e-06
10.1101/2025.11.24.690089_growth_state_pro99lown_nutrient_starvation_hot1a3_rnaseq_coculture|day 89|down,down,day 89,cog.category:P,Inorganic ion transport and metabolism,26,215,26/563,0.8478004048081292,0.8505502255564357,0.9999975127247709,-1.0802112503702089e-06
10.1101/2025.11.24.690089_growth_state_pro99lown_nutrient_starvation_hot1a3_rnaseq_coculture|day 89|down,down,day 89,cog.category:U,"Intracellular trafficking, secretion, and vesicular transport",14,123,14/563,0.7979609813860128,0.8565259673448858,0.9999975127247709,-1.0802112503702089e-06
10.1101/2025.11.24.690089_growth_state_pro99lown_nutrient_starvation_hot1a3_rnaseq_coculture|day 89|down,down,day 89,cog.category:V,Defense mechanisms,4,53,4/563,0.529106203290995,0.9563073151674044,0.9999975127247709,-1.0802112503702089e-06
10.1101/2025.11.24.690089_growth_state_pro99lown_nutrient_starvation_hot1a3_rnaseq_coculture|day 18|down,down,day 18,cog.category:C,Energy production and conversion,15,223,15/329,0.8069704362996988,0.8466904967354527,1.0,0.0
10.1101/2025.11.24.690089_growth_state_pro99lown_nutrient_starvation_hot1a3_rnaseq_coculture|day 18|down,down,day 18,cog.category:D,"Cell cycle control, cell division, chromosome partitioning",6,51,6/329,1.4114071160379045,0.24870978301796734,1.0,0.0
10.1101/2025.11.24.690089_growth_state_pro99lown_nutrient_starvation_hot1a3_rnaseq_coculture|day 18|down,down,day 18,cog.category:E,Amino acid transport and metabolism,25,270,25/329,1.110829674659462,0.31688588639577836,1.0,0.0
10.1101/2025.11.24.690089_growth_state_pro99lown_nutrient_starvation_hot1a3_rnaseq_coculture|day 18|down,down,day 18,cog.category:F,Nucleotide transport and metabolism,5,78,5/329,0.7690359286103968,0.7913469553634755,1.0,0.0
10.1101/2025.11.24.690089_growth_state_pro99lown_nutrient_starvation_hot1a3_rnaseq_coculture|day 18|down,down,day 18,cog.category:G,Carbohydrate transport and metabolism,9,169,9/329,0.6388913868455603,0.9515608858602328,1.0,0.0
10.1101/2025.11.24.690089_growth_state_pro99lown_nutrient_starvation_hot1a3_rnaseq_coculture|day 18|down,down,day 18,cog.category:H,Coenzyme transport and metabolism,6,146,6/329,0.4930257734105008,0.9863732461369369,1.0,0.0
10.1101/2025.11.24.690089_growth_state_pro99lown_nutrient_starvation_hot1a3_rnaseq_coculture|day 18|down,down,day 18,cog.category:I,Lipid transport and metabolism,9,133,9/329,0.8118243938112759,0.7917227894131259,1.0,0.0
10.1101/2025.11.24.690089_growth_state_pro99lown_nutrient_starvation_hot1a3_rnaseq_coculture|day 18|down,down,day 18,cog.category:J,"Translation, ribosomal structure and biogenesis",7,205,7/329,0.40965230928905033,0.9988799354670823,1.0,0.0
10.1101/2025.11.24.690089_growth_state_pro99lown_nutrient_starvation_hot1a3_rnaseq_coculture|day 18|down,down,day 18,cog.category:L,"Replication, recombination and repair",12,185,12/329,0.7781812207344122,0.8589109571382132,1.0,0.0
10.1101/2025.11.24.690089_growth_state_pro99lown_nutrient_starvation_hot1a3_rnaseq_coculture|day 18|down,down,day 18,cog.category:M,Cell wall/membrane/envelope biogenesis,17,259,17/329,0.7874452828860123,0.884428176757637,1.0,0.0
10.1101/2025.11.24.690089_growth_state_pro99lown_nutrient_starvation_hot1a3_rnaseq_coculture|day 18|down,down,day 18,cog.category:O,"Post-translational modification, protein turnover, chaperones",9,155,9/329,0.6965977056574174,0.9107849001015882,1.0,0.0
10.1101/2025.11.24.690089_growth_state_pro99lown_nutrient_starvation_hot1a3_rnaseq_coculture|day 18|down,down,day 18,cog.category:P,Inorganic ion transport and metabolism,16,215,16/329,0.8927970594472326,0.7238350638242637,1.0,0.0
10.1101/2025.11.24.690089_growth_state_pro99lown_nutrient_starvation_hot1a3_rnaseq_coculture|day 18|down,down,day 18,cog.category:Q,"Secondary metabolites biosynthesis, transport and catabolism",6,67,6/329,1.0743546704169125,0.4906277162884268,1.0,0.0
10.1101/2025.11.24.690089_growth_state_pro99lown_nutrient_starvation_hot1a3_rnaseq_coculture|day 18|down,down,day 18,cog.category:U,"Intracellular trafficking, secretion, and vesicular transport",7,123,7/329,0.6827538488150839,0.8989529086063698,1.0,0.0
10.1101/2025.11.24.690089_growth_state_pro99lown_nutrient_starvation_hot1a3_rnaseq_coculture|day 18|down,down,day 18,cog.category:V,Defense mechanisms,0,53,0/329,0.0,1.0,1.0,0.0
10.1101/2025.11.24.690089_growth_state_pro99lown_nutrient_starvation_hot1a3_rnaseq_coculture|day 89|up,up,day 89,cog.category:D,"Cell cycle control, cell division, chromosome partitioning",4,51,4/290,1.0674780256930358,0.5224918082951222,1.0,-0.0
10.1101/2025.11.24.690089_growth_state_pro99lown_nutrient_starvation_hot1a3_rnaseq_coculture|day 89|up,up,day 89,cog.category:E,Amino acid transport and metabolism,17,270,17/290,0.8569476372924649,0.787097217642954,1.0,-0.0
10.1101/2025.11.24.690089_growth_state_pro99lown_nutrient_starvation_hot1a3_rnaseq_coculture|day 89|up,up,day 89,cog.category:K,Transcription,12,250,12/290,0.653296551724138,0.9638157130605775,1.0,-0.0
10.1101/2025.11.24.690089_growth_state_pro99lown_nutrient_starvation_hot1a3_rnaseq_coculture|day 89|up,up,day 89,cog.category:L,"Replication, recombination and repair",4,185,4/290,0.29427772600186397,0.9996198671109279,1.0,-0.0
10.1101/2025.11.24.690089_growth_state_pro99lown_nutrient_starvation_hot1a3_rnaseq_coculture|day 89|up,up,day 89,cog.category:M,Cell wall/membrane/envelope biogenesis,16,259,16/290,0.8407935028624683,0.8058304168196672,1.0,-0.0
10.1101/2025.11.24.690089_growth_state_pro99lown_nutrient_starvation_hot1a3_rnaseq_coculture|day 89|up,up,day 89,cog.category:N,Cell motility,0,125,0/290,0.0,1.0,1.0,-0.0
10.1101/2025.11.24.690089_growth_state_pro99lown_nutrient_starvation_hot1a3_rnaseq_coculture|day 89|up,up,day 89,cog.category:O,"Post-translational modification, protein turnover, chaperones",10,155,10/290,0.8780867630700779,0.7141140151161456,1.0,-0.0
10.1101/2025.11.24.690089_growth_state_pro99lown_nutrient_starvation_hot1a3_rnaseq_coculture|day 89|up,up,day 89,cog.category:T,Signal transduction mechanisms,12,290,12/290,0.5631866825208086,0.9928717650088114,1.0,-0.0
10.1101/2025.11.24.690089_growth_state_pro99lown_nutrient_starvation_hot1a3_rnaseq_coculture|day 89|up,up,day 89,cog.category:U,"Intracellular trafficking, secretion, and vesicular transport",8,123,8/290,0.8852256798430054,0.6932338929533026,1.0,-0.0
10.1101/2025.11.24.690089_growth_state_pro99lown_nutrient_starvation_hot1a3_rnaseq_coculture|day 89|up,up,day 89,cog.category:V,Defense mechanisms,3,53,3/290,0.7703968770331815,0.7590020649987894,1.0,-0.0
10.1101/2025.11.24.690089_growth_state_pro99lown_nutrient_starvation_hot1a3_rnaseq_coculture|days 60+89|up,up,days 60+89,cog.category:D,"Cell cycle control, cell division, chromosome partitioning",4,51,4/327,0.9466930503088086,0.6204483314132017,1.0,-0.0
10.1101/2025.11.24.690089_growth_state_pro99lown_nutrient_starvation_hot1a3_rnaseq_coculture|days 60+89|up,up,days 60+89,cog.category:E,Amino acid transport and metabolism,18,270,18/327,0.8046890927624873,0.8691299445842173,1.0,-0.0
10.1101/2025.11.24.690089_growth_state_pro99lown_nutrient_starvation_hot1a3_rnaseq_coculture|days 60+89|up,up,days 60+89,cog.category:H,Coenzyme transport and metabolism,13,146,13/327,1.0747559800594864,0.43541701480356837,1.0,-0.0
10.1101/2025.11.24.690089_growth_state_pro99lown_nutrient_starvation_hot1a3_rnaseq_coculture|days 60+89|up,up,days 60+89,cog.category:I,Lipid transport and metabolism,12,133,12/327,1.0890529074981032,0.4228477200915149,1.0,-0.0
10.1101/2025.11.24.690089_growth_state_pro99lown_nutrient_starvation_hot1a3_rnaseq_coculture|days 60+89|up,up,days 60+89,cog.category:K,Transcription,17,250,17/327,0.820782874617737,0.8412550596645271,1.0,-0.0
10.1101/2025.11.24.690089_growth_state_pro99lown_nutrient_starvation_hot1a3_rnaseq_coculture|days 60+89|up,up,days 60+89,cog.category:L,"Replication, recombination and repair",5,185,5/327,0.326225307876684,0.999634363407138,1.0,-0.0
10.1101/2025.11.24.690089_growth_state_pro99lown_nutrient_starvation_hot1a3_rnaseq_coculture|days 60+89|up,up,days 60+89,cog.category:M,Cell wall/membrane/envelope biogenesis,17,259,17/327,0.7922614619862326,0.8786119348150045,1.0,-0.0
10.1101/2025.11.24.690089_growth_state_pro99lown_nutrient_starvation_hot1a3_rnaseq_coculture|days 60+89|up,up,days 60+89,cog.category:N,Cell motility,0,125,0/327,0.0,1.0,1.0,-0.0
10.1101/2025.11.24.690089_growth_state_pro99lown_nutrient_starvation_hot1a3_rnaseq_coculture|days 60+89|up,up,days 60+89,cog.category:O,"Post-translational modification, protein turnover, chaperones",7,155,7/327,0.5451119660649107,0.9781555573486876,1.0,-0.0
10.1101/2025.11.24.690089_growth_state_pro99lown_nutrient_starvation_hot1a3_rnaseq_coculture|days 60+89|up,up,days 60+89,cog.category:Q,"Secondary metabolites biosynthesis, transport and catabolism",5,67,5/327,0.9007713724953216,0.6626853637113874,1.0,-0.0
10.1101/2025.11.24.690089_growth_state_pro99lown_nutrient_starvation_hot1a3_rnaseq_coculture|days 60+89|up,up,days 60+89,cog.category:T,Signal transduction mechanisms,15,290,15/327,0.6243277443846885,0.9868503382149615,1.0,-0.0
10.1101/2025.11.24.690089_growth_state_pro99lown_nutrient_starvation_hot1a3_rnaseq_coculture|days 60+89|up,up,days 60+89,cog.category:U,"Intracellular trafficking, secretion, and vesicular transport",10,123,10/327,0.9813281619054723,0.5742387670287394,1.0,-0.0
10.1101/2025.11.24.690089_growth_state_pro99lown_nutrient_starvation_hot1a3_rnaseq_coculture|days 60+89|up,up,days 60+89,cog.category:V,Defense mechanisms,3,53,3/327,0.6832265881945647,0.8278341759139929,1.0,-0.0
