locus_tag,gene_name,product,timepoint,log2fc,padj,expression_status,experiment_id
ACZ81_05065,flaA,flagellin N-terminal helical domain-containing protein,day 89,2.87642733256022,0.0004872869190464,significant_up,10.1101/2025.11.24.690089_growth_state_pro99lown_nutrient_starvation_hot1a3_proteomics_coculture
ACZ81_05065,flaA,flagellin N-terminal helical domain-containing protein,days 60+89,2.70829550425212,0.0001338949017878,significant_up,10.1101/2025.11.24.690089_growth_state_pro99lown_nutrient_starvation_hot1a3_proteomics_coculture
ACZ81_05065,flaA,flagellin N-terminal helical domain-containing protein,day 60,2.54016367594401,0.0013477250282362,significant_up,10.1101/2025.11.24.690089_growth_state_pro99lown_nutrient_starvation_hot1a3_proteomics_coculture
ACZ81_16170,,chemotaxis protein CheX,day 89,-2.38020324707031,0.023550214908893,significant_down,10.1101/2025.11.24.690089_growth_state_pro99lown_nutrient_starvation_hot1a3_proteomics_coculture
ACZ81_13670,chev-2,chemotaxis protein CheV,day 89,-2.21467781066895,8.20525039121693e-06,significant_down,10.1101/2025.11.24.690089_growth_state_pro99lown_nutrient_starvation_hot1a3_proteomics_coculture
ACZ81_05070,flaA,flagellin N-terminal helical domain-containing protein,day 89,2.20302263895671,0.0008777230172471,significant_up,10.1101/2025.11.24.690089_growth_state_pro99lown_nutrient_starvation_hot1a3_proteomics_coculture
ACZ81_01485,cheR,CheR family methyltransferase,day 31,-2.19844309488932,0.018047130192191,significant_down,10.1101/2025.11.24.690089_growth_state_pro99lown_nutrient_starvation_hot1a3_proteomics_coculture
ACZ81_16170,,chemotaxis protein CheX,day 31,-2.1982847849528,0.0446954618229348,significant_down,10.1101/2025.11.24.690089_growth_state_pro99lown_nutrient_starvation_hot1a3_proteomics_coculture
ACZ81_05205,fliM,flagellar motor switch protein FliM,day 89,-2.08837127685547,9.58483109356843e-05,significant_down,10.1101/2025.11.24.690089_growth_state_pro99lown_nutrient_starvation_hot1a3_proteomics_coculture
ACZ81_05060,flaA,flagellin N-terminal helical domain-containing protein,day 60,2.0794989267985,0.0013477250282362,significant_up,10.1101/2025.11.24.690089_growth_state_pro99lown_nutrient_starvation_hot1a3_proteomics_coculture
ACZ81_05060,flaA,flagellin N-terminal helical domain-containing protein,days 60+89,2.07552051544189,0.0002198685287619,significant_up,10.1101/2025.11.24.690089_growth_state_pro99lown_nutrient_starvation_hot1a3_proteomics_coculture
ACZ81_05060,flaA,flagellin N-terminal helical domain-containing protein,day 89,2.07154210408528,0.0012615240148642,significant_up,10.1101/2025.11.24.690089_growth_state_pro99lown_nutrient_starvation_hot1a3_proteomics_coculture
ACZ81_05070,flaA,flagellin N-terminal helical domain-containing protein,days 60+89,2.06959629058838,0.0002751151618498,significant_up,10.1101/2025.11.24.690089_growth_state_pro99lown_nutrient_starvation_hot1a3_proteomics_coculture
ACZ81_13670,chev-2,chemotaxis protein CheV,days 60+89,-2.05257415771485,2.82727156176568e-06,significant_down,10.1101/2025.11.24.690089_growth_state_pro99lown_nutrient_starvation_hot1a3_proteomics_coculture
ACZ81_01485,cheR,CheR family methyltransferase,day 89,-2.04331016540527,0.020057675128499,significant_down,10.1101/2025.11.24.690089_growth_state_pro99lown_nutrient_starvation_hot1a3_proteomics_coculture
ACZ81_05035,flgI,flagellar basal body P-ring protein FlgI,day 18,2.00414085388183,0.0045308844391117,significant_up,10.1101/2025.11.24.690089_growth_state_pro99lown_nutrient_starvation_hot1a3_proteomics_coculture
ACZ81_05205,fliM,flagellar motor switch protein FliM,days 60+89,-1.99178028106689,2.01059635950238e-05,significant_down,10.1101/2025.11.24.690089_growth_state_pro99lown_nutrient_starvation_hot1a3_proteomics_coculture
ACZ81_05070,flaA,flagellin N-terminal helical domain-containing protein,day 60,1.93616994222005,0.0024030775774157,significant_up,10.1101/2025.11.24.690089_growth_state_pro99lown_nutrient_starvation_hot1a3_proteomics_coculture
ACZ81_00330,fliL2,flagellar basal body-associated protein FliL,day 60,-1.93466631571452,0.0199308070415598,significant_down,10.1101/2025.11.24.690089_growth_state_pro99lown_nutrient_starvation_hot1a3_proteomics_coculture
ACZ81_11940,,methyl-accepting chemotaxis protein,day 89,-1.92241223653157,1.73566203200313e-05,significant_down,10.1101/2025.11.24.690089_growth_state_pro99lown_nutrient_starvation_hot1a3_proteomics_coculture
ACZ81_05035,flgI,flagellar basal body P-ring protein FlgI,day 60,1.92168617248535,0.0010129581425174,significant_up,10.1101/2025.11.24.690089_growth_state_pro99lown_nutrient_starvation_hot1a3_proteomics_coculture
ACZ81_05205,fliM,flagellar motor switch protein FliM,day 60,-1.89518928527832,0.000232142985805,significant_down,10.1101/2025.11.24.690089_growth_state_pro99lown_nutrient_starvation_hot1a3_proteomics_coculture
ACZ81_13670,chev-2,chemotaxis protein CheV,day 60,-1.89047050476075,4.21886426511679e-05,significant_down,10.1101/2025.11.24.690089_growth_state_pro99lown_nutrient_starvation_hot1a3_proteomics_coculture
ACZ81_01465,cheA,chemotaxis protein CheA,day 89,-1.87966537475586,0.0032428015687141,significant_down,10.1101/2025.11.24.690089_growth_state_pro99lown_nutrient_starvation_hot1a3_proteomics_coculture
ACZ81_03155,bdlA,methyl-accepting chemotaxis protein,day 89,-1.87227376302083,1.75308647185373e-05,significant_down,10.1101/2025.11.24.690089_growth_state_pro99lown_nutrient_starvation_hot1a3_proteomics_coculture
ACZ81_05035,flgI,flagellar basal body P-ring protein FlgI,day 31,1.83070055643717,0.0020983868064097,significant_up,10.1101/2025.11.24.690089_growth_state_pro99lown_nutrient_starvation_hot1a3_proteomics_coculture
ACZ81_01465,cheA,chemotaxis protein CheA,day 31,-1.81385485331218,0.00582832582292,significant_down,10.1101/2025.11.24.690089_growth_state_pro99lown_nutrient_starvation_hot1a3_proteomics_coculture
ACZ81_16170,,chemotaxis protein CheX,days 60+89,-1.80391279856364,0.0476088217300199,significant_down,10.1101/2025.11.24.690089_growth_state_pro99lown_nutrient_starvation_hot1a3_proteomics_coculture
ACZ81_01465,cheA,chemotaxis protein CheA,day 18,-1.78564389546712,0.0173836623311705,significant_down,10.1101/2025.11.24.690089_growth_state_pro99lown_nutrient_starvation_hot1a3_proteomics_coculture
ACZ81_05265,fliA,RNA polymerase sigma factor FliA,day 31,1.74570337931315,0.0298333733403799,significant_up,10.1101/2025.11.24.690089_growth_state_pro99lown_nutrient_starvation_hot1a3_proteomics_coculture
ACZ81_05170,fliF,flagellar basal-body MS-ring/collar protein FliF,day 89,-1.72720209757487,0.0017556488330819,significant_down,10.1101/2025.11.24.690089_growth_state_pro99lown_nutrient_starvation_hot1a3_proteomics_coculture
ACZ81_01485,cheR,CheR family methyltransferase,day 18,-1.72223409016927,0.0989837758518667,not_significant,10.1101/2025.11.24.690089_growth_state_pro99lown_nutrient_starvation_hot1a3_proteomics_coculture
ACZ81_00745,,methyl-accepting chemotaxis protein,day 60,-1.70420010884603,0.0002088643419301,significant_down,10.1101/2025.11.24.690089_growth_state_pro99lown_nutrient_starvation_hot1a3_proteomics_coculture
ACZ81_05035,flgI,flagellar basal body P-ring protein FlgI,days 60+89,1.69415473937988,0.0006851596956873,significant_up,10.1101/2025.11.24.690089_growth_state_pro99lown_nutrient_starvation_hot1a3_proteomics_coculture
ACZ81_00745,,methyl-accepting chemotaxis protein,days 60+89,-1.68520355224609,2.81075595754651e-05,significant_down,10.1101/2025.11.24.690089_growth_state_pro99lown_nutrient_starvation_hot1a3_proteomics_coculture
ACZ81_00745,,methyl-accepting chemotaxis protein,day 89,-1.66620699564616,0.0002344479018269,significant_down,10.1101/2025.11.24.690089_growth_state_pro99lown_nutrient_starvation_hot1a3_proteomics_coculture
ACZ81_04990,cheV,chemotaxis protein CheV,day 89,-1.63855806986491,1.7160200390532e-06,significant_down,10.1101/2025.11.24.690089_growth_state_pro99lown_nutrient_starvation_hot1a3_proteomics_coculture
ACZ81_05280,cheA,chemotaxis protein CheA,day 89,-1.62539037068685,0.0003526093269026,significant_down,10.1101/2025.11.24.690089_growth_state_pro99lown_nutrient_starvation_hot1a3_proteomics_coculture
ACZ81_03155,bdlA,methyl-accepting chemotaxis protein,days 60+89,-1.61984252929687,3.05278883615515e-05,significant_down,10.1101/2025.11.24.690089_growth_state_pro99lown_nutrient_starvation_hot1a3_proteomics_coculture
ACZ81_01745,,methyl-accepting chemotaxis protein,day 89,-1.60029665629069,0.0009485779713638,significant_down,10.1101/2025.11.24.690089_growth_state_pro99lown_nutrient_starvation_hot1a3_proteomics_coculture
ACZ81_11940,,methyl-accepting chemotaxis protein,days 60+89,-1.59598064422607,8.15607149258975e-05,significant_down,10.1101/2025.11.24.690089_growth_state_pro99lown_nutrient_starvation_hot1a3_proteomics_coculture
ACZ81_01465,cheA,chemotaxis protein CheA,days 60+89,-1.59580071767172,0.0034590132691349,significant_down,10.1101/2025.11.24.690089_growth_state_pro99lown_nutrient_starvation_hot1a3_proteomics_coculture
ACZ81_05200,fliL,flagellar basal body-associated protein FliL,day 89,-1.59366544087728,0.0001253255450179,significant_down,10.1101/2025.11.24.690089_growth_state_pro99lown_nutrient_starvation_hot1a3_proteomics_coculture
ACZ81_05170,fliF,flagellar basal-body MS-ring/collar protein FliF,days 60+89,-1.58820565541585,0.0007726458139385,significant_down,10.1101/2025.11.24.690089_growth_state_pro99lown_nutrient_starvation_hot1a3_proteomics_coculture
ACZ81_04990,cheV,chemotaxis protein CheV,days 60+89,-1.58800633748372,2.50167361602478e-07,significant_down,10.1101/2025.11.24.690089_growth_state_pro99lown_nutrient_starvation_hot1a3_proteomics_coculture
ACZ81_04990,cheV,chemotaxis protein CheV,day 60,-1.53745460510254,3.85226435881138e-06,significant_down,10.1101/2025.11.24.690089_growth_state_pro99lown_nutrient_starvation_hot1a3_proteomics_coculture
ACZ81_00330,fliL2,flagellar basal body-associated protein FliL,days 60+89,-1.52717749277751,0.0307028666111859,significant_down,10.1101/2025.11.24.690089_growth_state_pro99lown_nutrient_starvation_hot1a3_proteomics_coculture
ACZ81_11940,,methyl-accepting chemotaxis protein,day 31,-1.52212651570638,0.0002453773202625,significant_down,10.1101/2025.11.24.690089_growth_state_pro99lown_nutrient_starvation_hot1a3_proteomics_coculture
ACZ81_01485,cheR,CheR family methyltransferase,days 60+89,-1.50730005900065,0.0497279738850026,significant_down,10.1101/2025.11.24.690089_growth_state_pro99lown_nutrient_starvation_hot1a3_proteomics_coculture
ACZ81_13410,,methyl-accepting chemotaxis protein,day 89,-1.49156316121419,0.0950024269613323,not_significant,10.1101/2025.11.24.690089_growth_state_pro99lown_nutrient_starvation_hot1a3_proteomics_coculture
ACZ81_01430,cheW,chemotaxis protein CheW,day 89,-1.47943496704102,0.0012309936195303,significant_down,10.1101/2025.11.24.690089_growth_state_pro99lown_nutrient_starvation_hot1a3_proteomics_coculture
ACZ81_05015,flgE,flagellar hook protein FlgE,day 89,1.47143363952637,0.0070634161744078,significant_up,10.1101/2025.11.24.690089_growth_state_pro99lown_nutrient_starvation_hot1a3_proteomics_coculture
ACZ81_05035,flgI,flagellar basal body P-ring protein FlgI,day 89,1.46662330627441,0.0062072875300975,significant_up,10.1101/2025.11.24.690089_growth_state_pro99lown_nutrient_starvation_hot1a3_proteomics_coculture
ACZ81_05045,flgK,flagellar hook-associated protein FlgK,day 89,1.45432980855306,0.0194045031677082,significant_up,10.1101/2025.11.24.690089_growth_state_pro99lown_nutrient_starvation_hot1a3_proteomics_coculture
ACZ81_05170,fliF,flagellar basal-body MS-ring/collar protein FliF,day 60,-1.44920921325684,0.0062490473501189,significant_down,10.1101/2025.11.24.690089_growth_state_pro99lown_nutrient_starvation_hot1a3_proteomics_coculture
ACZ81_05280,cheA,chemotaxis protein CheA,days 60+89,-1.43148295084636,0.0002751151618498,significant_down,10.1101/2025.11.24.690089_growth_state_pro99lown_nutrient_starvation_hot1a3_proteomics_coculture
ACZ81_01495,cheB,protein-glutamate methylesterase/protein-glutamine glutaminase,day 60,-1.41474850972494,7.79487888516783e-05,significant_down,10.1101/2025.11.24.690089_growth_state_pro99lown_nutrient_starvation_hot1a3_proteomics_coculture
ACZ81_18475,aer-1,methyl-accepting chemotaxis protein,day 60,-1.41168276468913,0.0001309332099034,significant_down,10.1101/2025.11.24.690089_growth_state_pro99lown_nutrient_starvation_hot1a3_proteomics_coculture
ACZ81_01420,cheY1,response regulator,day 89,-1.40793800354004,0.0039699222632641,significant_down,10.1101/2025.11.24.690089_growth_state_pro99lown_nutrient_starvation_hot1a3_proteomics_coculture
ACZ81_12975,pomA,flagellar motor protein PomA,day 89,-1.40773137410482,0.0012015755872577,significant_down,10.1101/2025.11.24.690089_growth_state_pro99lown_nutrient_starvation_hot1a3_proteomics_coculture
ACZ81_05285,cheB,protein-glutamate methylesterase/protein-glutamine glutaminase,day 31,-1.40655708312988,0.0531611636797658,not_significant,10.1101/2025.11.24.690089_growth_state_pro99lown_nutrient_starvation_hot1a3_proteomics_coculture
ACZ81_05065,flaA,flagellin N-terminal helical domain-containing protein,day 31,1.40605545043945,0.0526363558781047,not_significant,10.1101/2025.11.24.690089_growth_state_pro99lown_nutrient_starvation_hot1a3_proteomics_coculture
ACZ81_12975,pomA,flagellar motor protein PomA,days 60+89,-1.38761488596598,0.0002526075365908,significant_down,10.1101/2025.11.24.690089_growth_state_pro99lown_nutrient_starvation_hot1a3_proteomics_coculture
ACZ81_02770,,methyl-accepting chemotaxis protein,day 89,-1.36851056416829,0.0035831717335576,significant_down,10.1101/2025.11.24.690089_growth_state_pro99lown_nutrient_starvation_hot1a3_proteomics_coculture
ACZ81_12975,pomA,flagellar motor protein PomA,day 60,-1.36749839782715,0.0016224620881536,significant_down,10.1101/2025.11.24.690089_growth_state_pro99lown_nutrient_starvation_hot1a3_proteomics_coculture
ACZ81_03155,bdlA,methyl-accepting chemotaxis protein,day 60,-1.36741129557292,0.0003197060177442,significant_down,10.1101/2025.11.24.690089_growth_state_pro99lown_nutrient_starvation_hot1a3_proteomics_coculture
ACZ81_05065,flaA,flagellin N-terminal helical domain-containing protein,day 18,1.35150210062663,0.105163849636585,not_significant,10.1101/2025.11.24.690089_growth_state_pro99lown_nutrient_starvation_hot1a3_proteomics_coculture
ACZ81_05220,fliP,flagellar type III secretion system pore protein FliP,day 89,-1.32376035054525,0.0263613259394288,significant_down,10.1101/2025.11.24.690089_growth_state_pro99lown_nutrient_starvation_hot1a3_proteomics_coculture
ACZ81_05015,flgE,flagellar hook protein FlgE,days 60+89,1.3185084660848,0.004398783469156,significant_up,10.1101/2025.11.24.690089_growth_state_pro99lown_nutrient_starvation_hot1a3_proteomics_coculture
ACZ81_01465,cheA,chemotaxis protein CheA,day 60,-1.31193606058757,0.0275939325496391,significant_down,10.1101/2025.11.24.690089_growth_state_pro99lown_nutrient_starvation_hot1a3_proteomics_coculture
ACZ81_05030,flgH,flagellar basal body L-ring protein FlgH,day 89,1.30897013346354,0.0034538973538359,significant_up,10.1101/2025.11.24.690089_growth_state_pro99lown_nutrient_starvation_hot1a3_proteomics_coculture
ACZ81_01420,cheY1,response regulator,day 18,-1.29957644144694,0.0236337896520506,significant_down,10.1101/2025.11.24.690089_growth_state_pro99lown_nutrient_starvation_hot1a3_proteomics_coculture
ACZ81_05030,flgH,flagellar basal body L-ring protein FlgH,days 60+89,1.28638458251953,0.0008663839665453,significant_up,10.1101/2025.11.24.690089_growth_state_pro99lown_nutrient_starvation_hot1a3_proteomics_coculture
ACZ81_05050,flgL,flagellar hook-associated protein FlgL,day 89,1.28379694620768,0.0216079012243261,significant_up,10.1101/2025.11.24.690089_growth_state_pro99lown_nutrient_starvation_hot1a3_proteomics_coculture
ACZ81_05200,fliL,flagellar basal body-associated protein FliL,days 60+89,-1.27884324391683,0.0006038066903825,significant_down,10.1101/2025.11.24.690089_growth_state_pro99lown_nutrient_starvation_hot1a3_proteomics_coculture
ACZ81_01495,cheB,protein-glutamate methylesterase/protein-glutamine glutaminase,days 60+89,-1.27156766255697,4.50775144870299e-05,significant_down,10.1101/2025.11.24.690089_growth_state_pro99lown_nutrient_starvation_hot1a3_proteomics_coculture
ACZ81_01430,cheW,chemotaxis protein CheW,days 60+89,-1.27075799306234,0.0014102543312308,significant_down,10.1101/2025.11.24.690089_growth_state_pro99lown_nutrient_starvation_hot1a3_proteomics_coculture
ACZ81_11940,,methyl-accepting chemotaxis protein,day 60,-1.26954905192057,0.0007047901806476,significant_down,10.1101/2025.11.24.690089_growth_state_pro99lown_nutrient_starvation_hot1a3_proteomics_coculture
ACZ81_18475,aer-1,methyl-accepting chemotaxis protein,days 60+89,-1.26856931050619,7.07750824776353e-05,significant_down,10.1101/2025.11.24.690089_growth_state_pro99lown_nutrient_starvation_hot1a3_proteomics_coculture
ACZ81_05030,flgH,flagellar basal body L-ring protein FlgH,day 60,1.26379903157552,0.0046522977305929,significant_up,10.1101/2025.11.24.690089_growth_state_pro99lown_nutrient_starvation_hot1a3_proteomics_coculture
ACZ81_05280,cheA,chemotaxis protein CheA,day 60,-1.23757553100586,0.0029193495281735,significant_down,10.1101/2025.11.24.690089_growth_state_pro99lown_nutrient_starvation_hot1a3_proteomics_coculture
ACZ81_13670,chev-2,chemotaxis protein CheV,day 31,-1.23075866699219,0.0020983868064097,significant_down,10.1101/2025.11.24.690089_growth_state_pro99lown_nutrient_starvation_hot1a3_proteomics_coculture
ACZ81_16170,,chemotaxis protein CheX,day 60,-1.22762235005697,0.227149872770221,not_significant,10.1101/2025.11.24.690089_growth_state_pro99lown_nutrient_starvation_hot1a3_proteomics_coculture
ACZ81_02770,,methyl-accepting chemotaxis protein,days 60+89,-1.20602385203043,0.0025942399468051,significant_down,10.1101/2025.11.24.690089_growth_state_pro99lown_nutrient_starvation_hot1a3_proteomics_coculture
ACZ81_00745,,methyl-accepting chemotaxis protein,day 31,-1.18022664388021,0.0046262898569104,significant_down,10.1101/2025.11.24.690089_growth_state_pro99lown_nutrient_starvation_hot1a3_proteomics_coculture
ACZ81_13410,,methyl-accepting chemotaxis protein,days 60+89,-1.17708237965902,0.116039144587351,not_significant,10.1101/2025.11.24.690089_growth_state_pro99lown_nutrient_starvation_hot1a3_proteomics_coculture
ACZ81_05050,flgL,flagellar hook-associated protein FlgL,days 60+89,1.17224566141764,0.0129764236192959,significant_up,10.1101/2025.11.24.690089_growth_state_pro99lown_nutrient_starvation_hot1a3_proteomics_coculture
ACZ81_05015,flgE,flagellar hook protein FlgE,day 60,1.16558329264323,0.0269099828311734,significant_up,10.1101/2025.11.24.690089_growth_state_pro99lown_nutrient_starvation_hot1a3_proteomics_coculture
ACZ81_05085,fliS,flagellar export chaperone FliS,day 89,-1.15198644002278,0.053990684227652,not_significant,10.1101/2025.11.24.690089_growth_state_pro99lown_nutrient_starvation_hot1a3_proteomics_coculture
ACZ81_05220,fliP,flagellar type III secretion system pore protein FliP,days 60+89,-1.14406744639079,0.0242202353224189,significant_down,10.1101/2025.11.24.690089_growth_state_pro99lown_nutrient_starvation_hot1a3_proteomics_coculture
ACZ81_05070,flaA,flagellin N-terminal helical domain-containing protein,day 31,1.13301467895508,0.0587328099362127,not_significant,10.1101/2025.11.24.690089_growth_state_pro99lown_nutrient_starvation_hot1a3_proteomics_coculture
ACZ81_01495,cheB,protein-glutamate methylesterase/protein-glutamine glutaminase,day 89,-1.128386815389,0.0004872869190464,significant_down,10.1101/2025.11.24.690089_growth_state_pro99lown_nutrient_starvation_hot1a3_proteomics_coculture
ACZ81_01420,cheY1,response regulator,days 60+89,-1.12678909301758,0.007873888164122,significant_down,10.1101/2025.11.24.690089_growth_state_pro99lown_nutrient_starvation_hot1a3_proteomics_coculture
ACZ81_05275,cheZ,protein phosphatase CheZ,day 60,-1.12620862325033,0.0163134742062681,significant_down,10.1101/2025.11.24.690089_growth_state_pro99lown_nutrient_starvation_hot1a3_proteomics_coculture
ACZ81_18475,aer-1,methyl-accepting chemotaxis protein,day 89,-1.12545585632324,0.0007687180237709,significant_down,10.1101/2025.11.24.690089_growth_state_pro99lown_nutrient_starvation_hot1a3_proteomics_coculture
ACZ81_05070,flaA,flagellin N-terminal helical domain-containing protein,day 18,1.12222989400228,0.103762128762406,not_significant,10.1101/2025.11.24.690089_growth_state_pro99lown_nutrient_starvation_hot1a3_proteomics_coculture
ACZ81_00330,fliL2,flagellar basal body-associated protein FliL,day 89,-1.11968866984049,0.152897011957333,not_significant,10.1101/2025.11.24.690089_growth_state_pro99lown_nutrient_starvation_hot1a3_proteomics_coculture
ACZ81_03155,bdlA,methyl-accepting chemotaxis protein,day 31,-1.09191767374674,0.0026142747976843,significant_down,10.1101/2025.11.24.690089_growth_state_pro99lown_nutrient_starvation_hot1a3_proteomics_coculture
ACZ81_05205,fliM,flagellar motor switch protein FliM,day 31,-1.08407847086589,0.0152912732193702,significant_down,10.1101/2025.11.24.690089_growth_state_pro99lown_nutrient_starvation_hot1a3_proteomics_coculture
ACZ81_05275,cheZ,protein phosphatase CheZ,days 60+89,-1.06790860493978,0.0067238012914644,significant_down,10.1101/2025.11.24.690089_growth_state_pro99lown_nutrient_starvation_hot1a3_proteomics_coculture
ACZ81_01495,cheB,protein-glutamate methylesterase/protein-glutamine glutaminase,day 31,-1.06749788920085,0.0011567643884883,significant_down,10.1101/2025.11.24.690089_growth_state_pro99lown_nutrient_starvation_hot1a3_proteomics_coculture
ACZ81_05280,cheA,chemotaxis protein CheA,day 31,-1.06309572855632,0.0101009832223803,significant_down,10.1101/2025.11.24.690089_growth_state_pro99lown_nutrient_starvation_hot1a3_proteomics_coculture
ACZ81_01430,cheW,chemotaxis protein CheW,day 60,-1.06208101908366,0.0118978260991392,significant_down,10.1101/2025.11.24.690089_growth_state_pro99lown_nutrient_starvation_hot1a3_proteomics_coculture
ACZ81_05050,flgL,flagellar hook-associated protein FlgL,day 60,1.0606943766276,0.0545583719427639,not_significant,10.1101/2025.11.24.690089_growth_state_pro99lown_nutrient_starvation_hot1a3_proteomics_coculture
ACZ81_05045,flgK,flagellar hook-associated protein FlgK,days 60+89,1.04363632202148,0.0571529264265427,not_significant,10.1101/2025.11.24.690089_growth_state_pro99lown_nutrient_starvation_hot1a3_proteomics_coculture
ACZ81_02770,,methyl-accepting chemotaxis protein,day 60,-1.04353713989258,0.0192358770222439,significant_down,10.1101/2025.11.24.690089_growth_state_pro99lown_nutrient_starvation_hot1a3_proteomics_coculture
ACZ81_01745,,methyl-accepting chemotaxis protein,days 60+89,-1.03594779968262,0.0289240256072087,significant_down,10.1101/2025.11.24.690089_growth_state_pro99lown_nutrient_starvation_hot1a3_proteomics_coculture
ACZ81_18475,aer-1,methyl-accepting chemotaxis protein,day 31,-1.0161870320638,0.0025296748065493,significant_down,10.1101/2025.11.24.690089_growth_state_pro99lown_nutrient_starvation_hot1a3_proteomics_coculture
ACZ81_05300,cheW,chemotaxis protein CheW,day 89,-1.0126724243164,0.0002754319825333,significant_down,10.1101/2025.11.24.690089_growth_state_pro99lown_nutrient_starvation_hot1a3_proteomics_coculture
ACZ81_05275,cheZ,protein phosphatase CheZ,day 89,-1.00960858662924,0.0266659880290301,significant_down,10.1101/2025.11.24.690089_growth_state_pro99lown_nutrient_starvation_hot1a3_proteomics_coculture
ACZ81_05025,flgG,flagellar basal-body rod protein FlgG,day 89,0.997791926066081,0.0427087588400218,not_significant,10.1101/2025.11.24.690089_growth_state_pro99lown_nutrient_starvation_hot1a3_proteomics_coculture
ACZ81_11605,,response regulator,day 31,0.994782129923504,0.209221643412274,not_significant,10.1101/2025.11.24.690089_growth_state_pro99lown_nutrient_starvation_hot1a3_proteomics_coculture
ACZ81_05300,cheW,chemotaxis protein CheW,day 31,-0.985713322957357,0.0005614779117663,not_significant,10.1101/2025.11.24.690089_growth_state_pro99lown_nutrient_starvation_hot1a3_proteomics_coculture
ACZ81_12975,pomA,flagellar motor protein PomA,day 31,-0.984800338745119,0.0167828369757584,not_significant,10.1101/2025.11.24.690089_growth_state_pro99lown_nutrient_starvation_hot1a3_proteomics_coculture
ACZ81_05060,flaA,flagellin N-terminal helical domain-containing protein,day 18,0.972068150838215,0.157190554240951,not_significant,10.1101/2025.11.24.690089_growth_state_pro99lown_nutrient_starvation_hot1a3_proteomics_coculture
ACZ81_01485,cheR,CheR family methyltransferase,day 60,-0.971289952596031,0.249076612173056,not_significant,10.1101/2025.11.24.690089_growth_state_pro99lown_nutrient_starvation_hot1a3_proteomics_coculture
ACZ81_05085,fliS,flagellar export chaperone FliS,days 60+89,-0.971000671386717,0.0545945578455504,not_significant,10.1101/2025.11.24.690089_growth_state_pro99lown_nutrient_starvation_hot1a3_proteomics_coculture
ACZ81_16970,tar,methyl-accepting chemotaxis protein,day 18,-0.965539932250978,0.0466480816836928,not_significant,10.1101/2025.11.24.690089_growth_state_pro99lown_nutrient_starvation_hot1a3_proteomics_coculture
ACZ81_04970,,LPP20 family lipoprotein,day 60,0.96483484903971,0.110711931260632,not_significant,10.1101/2025.11.24.690089_growth_state_pro99lown_nutrient_starvation_hot1a3_proteomics_coculture
ACZ81_05220,fliP,flagellar type III secretion system pore protein FliP,day 60,-0.964374542236328,0.0990947070347024,not_significant,10.1101/2025.11.24.690089_growth_state_pro99lown_nutrient_starvation_hot1a3_proteomics_coculture
ACZ81_05200,fliL,flagellar basal body-associated protein FliL,day 60,-0.964021046956381,0.0059485132998995,not_significant,10.1101/2025.11.24.690089_growth_state_pro99lown_nutrient_starvation_hot1a3_proteomics_coculture
ACZ81_00330,fliL2,flagellar basal body-associated protein FliL,day 18,-0.955304463704427,0.343318106608719,not_significant,10.1101/2025.11.24.690089_growth_state_pro99lown_nutrient_starvation_hot1a3_proteomics_coculture
ACZ81_04990,cheV,chemotaxis protein CheV,day 31,-0.949492772420246,0.0003936314032459,not_significant,10.1101/2025.11.24.690089_growth_state_pro99lown_nutrient_starvation_hot1a3_proteomics_coculture
ACZ81_03265,,methyl-accepting chemotaxis protein,day 89,-0.946545282999673,0.004872945649389,not_significant,10.1101/2025.11.24.690089_growth_state_pro99lown_nutrient_starvation_hot1a3_proteomics_coculture
ACZ81_05300,cheW,chemotaxis protein CheW,days 60+89,-0.938991864522295,0.0001052345881847,not_significant,10.1101/2025.11.24.690089_growth_state_pro99lown_nutrient_starvation_hot1a3_proteomics_coculture
ACZ81_03265,,methyl-accepting chemotaxis protein,days 60+89,-0.93836784362793,0.0012138261213985,not_significant,10.1101/2025.11.24.690089_growth_state_pro99lown_nutrient_starvation_hot1a3_proteomics_coculture
ACZ81_01475,aer2,methyl-accepting chemotaxis protein,day 18,-0.937165578206379,0.111060584076514,not_significant,10.1101/2025.11.24.690089_growth_state_pro99lown_nutrient_starvation_hot1a3_proteomics_coculture
ACZ81_05270,cheY,chemotaxis response regulator CheY,day 60,-0.931101481119791,0.0022158004175128,not_significant,10.1101/2025.11.24.690089_growth_state_pro99lown_nutrient_starvation_hot1a3_proteomics_coculture
ACZ81_03265,,methyl-accepting chemotaxis protein,day 60,-0.930190404256187,0.005862301380609,not_significant,10.1101/2025.11.24.690089_growth_state_pro99lown_nutrient_starvation_hot1a3_proteomics_coculture
ACZ81_04970,,LPP20 family lipoprotein,day 18,0.915302912394206,0.225155800317198,not_significant,10.1101/2025.11.24.690089_growth_state_pro99lown_nutrient_starvation_hot1a3_proteomics_coculture
ACZ81_05285,cheB,protein-glutamate methylesterase/protein-glutamine glutaminase,day 89,-0.904826482137046,0.178631198156068,not_significant,10.1101/2025.11.24.690089_growth_state_pro99lown_nutrient_starvation_hot1a3_proteomics_coculture
ACZ81_05025,flgG,flagellar basal-body rod protein FlgG,days 60+89,0.887440681457519,0.0322691870822674,not_significant,10.1101/2025.11.24.690089_growth_state_pro99lown_nutrient_starvation_hot1a3_proteomics_coculture
ACZ81_16170,,chemotaxis protein CheX,day 18,-0.883858362833659,0.514335117663221,not_significant,10.1101/2025.11.24.690089_growth_state_pro99lown_nutrient_starvation_hot1a3_proteomics_coculture
ACZ81_05045,flgK,flagellar hook-associated protein FlgK,day 18,0.883268992106121,0.238683565363071,not_significant,10.1101/2025.11.24.690089_growth_state_pro99lown_nutrient_starvation_hot1a3_proteomics_coculture
ACZ81_05015,flgE,flagellar hook protein FlgE,day 18,0.878563563028972,0.161016968557863,not_significant,10.1101/2025.11.24.690089_growth_state_pro99lown_nutrient_starvation_hot1a3_proteomics_coculture
ACZ81_05300,cheW,chemotaxis protein CheW,day 60,-0.865311304728187,0.0010214525764111,not_significant,10.1101/2025.11.24.690089_growth_state_pro99lown_nutrient_starvation_hot1a3_proteomics_coculture
ACZ81_13410,,methyl-accepting chemotaxis protein,day 60,-0.862601598103842,0.333097798051116,not_significant,10.1101/2025.11.24.690089_growth_state_pro99lown_nutrient_starvation_hot1a3_proteomics_coculture
ACZ81_01420,cheY1,response regulator,day 60,-0.845640182495114,0.0609030930494326,not_significant,10.1101/2025.11.24.690089_growth_state_pro99lown_nutrient_starvation_hot1a3_proteomics_coculture
ACZ81_05060,flaA,flagellin N-terminal helical domain-containing protein,day 31,0.841856002807615,0.149938513316253,not_significant,10.1101/2025.11.24.690089_growth_state_pro99lown_nutrient_starvation_hot1a3_proteomics_coculture
ACZ81_03265,,methyl-accepting chemotaxis protein,day 31,-0.818878173828127,0.0155473174806843,not_significant,10.1101/2025.11.24.690089_growth_state_pro99lown_nutrient_starvation_hot1a3_proteomics_coculture
ACZ81_03485,,HAMP domain-containing methyl-accepting chemotaxis protein,day 31,-0.818590164184569,0.0006600007024027,not_significant,10.1101/2025.11.24.690089_growth_state_pro99lown_nutrient_starvation_hot1a3_proteomics_coculture
ACZ81_16000,bdlA,methyl-accepting chemotaxis protein,day 89,-0.808228174845375,0.0012334288383909,not_significant,10.1101/2025.11.24.690089_growth_state_pro99lown_nutrient_starvation_hot1a3_proteomics_coculture
ACZ81_05220,fliP,flagellar type III secretion system pore protein FliP,day 31,-0.800144195556641,0.19075236325796,not_significant,10.1101/2025.11.24.690089_growth_state_pro99lown_nutrient_starvation_hot1a3_proteomics_coculture
ACZ81_01430,cheW,chemotaxis protein CheW,day 18,-0.798370361328125,0.100364619410412,not_significant,10.1101/2025.11.24.690089_growth_state_pro99lown_nutrient_starvation_hot1a3_proteomics_coculture
ACZ81_05200,fliL,flagellar basal body-associated protein FliL,day 31,-0.793968836466473,0.0227431804594839,not_significant,10.1101/2025.11.24.690089_growth_state_pro99lown_nutrient_starvation_hot1a3_proteomics_coculture
ACZ81_05275,cheZ,protein phosphatase CheZ,day 18,-0.790501912434899,0.151323096524852,not_significant,10.1101/2025.11.24.690089_growth_state_pro99lown_nutrient_starvation_hot1a3_proteomics_coculture
ACZ81_02770,,methyl-accepting chemotaxis protein,day 31,-0.790278752644857,0.0795572536452776,not_significant,10.1101/2025.11.24.690089_growth_state_pro99lown_nutrient_starvation_hot1a3_proteomics_coculture
ACZ81_05085,fliS,flagellar export chaperone FliS,day 60,-0.79001490275065,0.182540272871735,not_significant,10.1101/2025.11.24.690089_growth_state_pro99lown_nutrient_starvation_hot1a3_proteomics_coculture
ACZ81_04970,,LPP20 family lipoprotein,days 60+89,0.7778844833374,0.122564769285659,not_significant,10.1101/2025.11.24.690089_growth_state_pro99lown_nutrient_starvation_hot1a3_proteomics_coculture
ACZ81_05025,flgG,flagellar basal-body rod protein FlgG,day 60,0.777089436848957,0.111531922752807,not_significant,10.1101/2025.11.24.690089_growth_state_pro99lown_nutrient_starvation_hot1a3_proteomics_coculture
ACZ81_16000,bdlA,methyl-accepting chemotaxis protein,days 60+89,-0.766857465108233,0.0004113365975102,not_significant,10.1101/2025.11.24.690089_growth_state_pro99lown_nutrient_starvation_hot1a3_proteomics_coculture
ACZ81_05025,flgG,flagellar basal-body rod protein FlgG,day 18,0.765034357706707,0.207699320169041,not_significant,10.1101/2025.11.24.690089_growth_state_pro99lown_nutrient_starvation_hot1a3_proteomics_coculture
ACZ81_02770,,methyl-accepting chemotaxis protein,day 18,-0.75430107116699,0.151608702798762,not_significant,10.1101/2025.11.24.690089_growth_state_pro99lown_nutrient_starvation_hot1a3_proteomics_coculture
ACZ81_03485,,HAMP domain-containing methyl-accepting chemotaxis protein,day 89,-0.730305989583333,0.0009820004339719,not_significant,10.1101/2025.11.24.690089_growth_state_pro99lown_nutrient_starvation_hot1a3_proteomics_coculture
ACZ81_16000,bdlA,methyl-accepting chemotaxis protein,day 60,-0.725486755371092,0.0028877260507358,not_significant,10.1101/2025.11.24.690089_growth_state_pro99lown_nutrient_starvation_hot1a3_proteomics_coculture
ACZ81_04990,cheV,chemotaxis protein CheV,day 18,-0.698368072509767,0.0116564735004525,not_significant,10.1101/2025.11.24.690089_growth_state_pro99lown_nutrient_starvation_hot1a3_proteomics_coculture
ACZ81_05270,cheY,chemotaxis response regulator CheY,days 60+89,-0.68537934621175,0.0123200335644005,not_significant,10.1101/2025.11.24.690089_growth_state_pro99lown_nutrient_starvation_hot1a3_proteomics_coculture
ACZ81_13670,chev-2,chemotaxis protein CheV,day 18,-0.682298660278323,0.095033251041395,not_significant,10.1101/2025.11.24.690089_growth_state_pro99lown_nutrient_starvation_hot1a3_proteomics_coculture
ACZ81_11605,,response regulator,day 89,0.671169916788737,0.369960270249855,not_significant,10.1101/2025.11.24.690089_growth_state_pro99lown_nutrient_starvation_hot1a3_proteomics_coculture
ACZ81_03485,,HAMP domain-containing methyl-accepting chemotaxis protein,days 60+89,-0.667593002319334,0.0005048545616493,not_significant,10.1101/2025.11.24.690089_growth_state_pro99lown_nutrient_starvation_hot1a3_proteomics_coculture
ACZ81_16970,tar,methyl-accepting chemotaxis protein,day 31,-0.657201766967775,0.11118376134055,not_significant,10.1101/2025.11.24.690089_growth_state_pro99lown_nutrient_starvation_hot1a3_proteomics_coculture
ACZ81_01425,cheA,chemotaxis protein CheW,day 89,-0.655386606852214,0.0220547609257485,not_significant,10.1101/2025.11.24.690089_growth_state_pro99lown_nutrient_starvation_hot1a3_proteomics_coculture
ACZ81_01495,cheB,protein-glutamate methylesterase/protein-glutamine glutaminase,day 18,-0.654279073079429,0.0478449849881172,not_significant,10.1101/2025.11.24.690089_growth_state_pro99lown_nutrient_starvation_hot1a3_proteomics_coculture
ACZ81_01745,,methyl-accepting chemotaxis protein,day 31,-0.654273986816407,0.130595023640113,not_significant,10.1101/2025.11.24.690089_growth_state_pro99lown_nutrient_starvation_hot1a3_proteomics_coculture
ACZ81_05300,cheW,chemotaxis protein CheW,day 18,-0.652217229207357,0.0239172823169342,not_significant,10.1101/2025.11.24.690089_growth_state_pro99lown_nutrient_starvation_hot1a3_proteomics_coculture
ACZ81_05045,flgK,flagellar hook-associated protein FlgK,day 60,0.632942835489907,0.287674491747923,not_significant,10.1101/2025.11.24.690089_growth_state_pro99lown_nutrient_starvation_hot1a3_proteomics_coculture
ACZ81_16000,bdlA,methyl-accepting chemotaxis protein,day 18,-0.619955062866208,0.0259526229770858,not_significant,10.1101/2025.11.24.690089_growth_state_pro99lown_nutrient_starvation_hot1a3_proteomics_coculture
ACZ81_11165,,methyl-accepting chemotaxis protein,day 31,-0.612484614054362,0.0994296028798193,not_significant,10.1101/2025.11.24.690089_growth_state_pro99lown_nutrient_starvation_hot1a3_proteomics_coculture
ACZ81_18360,cheX,chemotaxis protein CheX,day 60,0.607576370239259,0.139124233553553,not_significant,10.1101/2025.11.24.690089_growth_state_pro99lown_nutrient_starvation_hot1a3_proteomics_coculture
ACZ81_03485,,HAMP domain-containing methyl-accepting chemotaxis protein,day 60,-0.604880015055336,0.0039813073877725,not_significant,10.1101/2025.11.24.690089_growth_state_pro99lown_nutrient_starvation_hot1a3_proteomics_coculture
ACZ81_05050,flgL,flagellar hook-associated protein FlgL,day 31,0.60401980082194,0.290947272965507,not_significant,10.1101/2025.11.24.690089_growth_state_pro99lown_nutrient_starvation_hot1a3_proteomics_coculture
ACZ81_05150,fleQ,sigma-54 dependent transcriptional regulator,day 18,-0.600146611531575,0.0435764296425551,not_significant,10.1101/2025.11.24.690089_growth_state_pro99lown_nutrient_starvation_hot1a3_proteomics_coculture
ACZ81_05085,fliS,flagellar export chaperone FliS,day 18,0.595271428426107,0.439361258701191,not_significant,10.1101/2025.11.24.690089_growth_state_pro99lown_nutrient_starvation_hot1a3_proteomics_coculture
ACZ81_04970,,LPP20 family lipoprotein,day 89,0.59093411763509,0.323730237552849,not_significant,10.1101/2025.11.24.690089_growth_state_pro99lown_nutrient_starvation_hot1a3_proteomics_coculture
ACZ81_05030,flgH,flagellar basal body L-ring protein FlgH,day 31,0.588176727294924,0.165851118207938,not_significant,10.1101/2025.11.24.690089_growth_state_pro99lown_nutrient_starvation_hot1a3_proteomics_coculture
ACZ81_05285,cheB,protein-glutamate methylesterase/protein-glutamine glutaminase,days 60+89,-0.581669489542644,0.318439575500857,not_significant,10.1101/2025.11.24.690089_growth_state_pro99lown_nutrient_starvation_hot1a3_proteomics_coculture
ACZ81_01425,cheA,chemotaxis protein CheW,day 31,0.57704226175944,0.0517155291633171,not_significant,10.1101/2025.11.24.690089_growth_state_pro99lown_nutrient_starvation_hot1a3_proteomics_coculture
ACZ81_05170,fliF,flagellar basal-body MS-ring/collar protein FliF,day 31,-0.575426737467449,0.261299225401032,not_significant,10.1101/2025.11.24.690089_growth_state_pro99lown_nutrient_starvation_hot1a3_proteomics_coculture
ACZ81_03155,bdlA,methyl-accepting chemotaxis protein,day 18,-0.573342641194657,0.128299327074664,not_significant,10.1101/2025.11.24.690089_growth_state_pro99lown_nutrient_starvation_hot1a3_proteomics_coculture
ACZ81_12970,motB,flagellar motor protein MotB,day 18,-0.567728678385417,0.175097951061769,not_significant,10.1101/2025.11.24.690089_growth_state_pro99lown_nutrient_starvation_hot1a3_proteomics_coculture
ACZ81_00330,fliL2,flagellar basal body-associated protein FliL,day 31,-0.563538233439127,0.520436689356442,not_significant,10.1101/2025.11.24.690089_growth_state_pro99lown_nutrient_starvation_hot1a3_proteomics_coculture
ACZ81_06325,,response regulator,day 18,-0.550910949707033,0.0164682328576075,not_significant,10.1101/2025.11.24.690089_growth_state_pro99lown_nutrient_starvation_hot1a3_proteomics_coculture
ACZ81_12970,motB,flagellar motor protein MotB,day 89,-0.543329874674479,0.105642968681446,not_significant,10.1101/2025.11.24.690089_growth_state_pro99lown_nutrient_starvation_hot1a3_proteomics_coculture
ACZ81_16970,tar,methyl-accepting chemotaxis protein,day 89,-0.542238235473634,0.159909724118663,not_significant,10.1101/2025.11.24.690089_growth_state_pro99lown_nutrient_starvation_hot1a3_proteomics_coculture
ACZ81_11165,,methyl-accepting chemotaxis protein,day 89,-0.522755304972331,0.131872770277686,not_significant,10.1101/2025.11.24.690089_growth_state_pro99lown_nutrient_starvation_hot1a3_proteomics_coculture
ACZ81_18360,cheX,chemotaxis protein CheX,days 60+89,0.514394442240398,0.129633871870052,not_significant,10.1101/2025.11.24.690089_growth_state_pro99lown_nutrient_starvation_hot1a3_proteomics_coculture
ACZ81_03270,rpoD,RNA polymerase sigma factor RpoD,day 89,-0.509266535441085,0.0011231439933606,not_significant,10.1101/2025.11.24.690089_growth_state_pro99lown_nutrient_starvation_hot1a3_proteomics_coculture
ACZ81_04970,,LPP20 family lipoprotein,day 31,0.508373260498046,0.434944765922566,not_significant,10.1101/2025.11.24.690089_growth_state_pro99lown_nutrient_starvation_hot1a3_proteomics_coculture
ACZ81_16970,tar,methyl-accepting chemotaxis protein,days 60+89,-0.508061726888022,0.112858831243218,not_significant,10.1101/2025.11.24.690089_growth_state_pro99lown_nutrient_starvation_hot1a3_proteomics_coculture
ACZ81_05285,cheB,protein-glutamate methylesterase/protein-glutamine glutaminase,day 18,-0.505710601806641,0.579703128905426,not_significant,10.1101/2025.11.24.690089_growth_state_pro99lown_nutrient_starvation_hot1a3_proteomics_coculture
ACZ81_05275,cheZ,protein phosphatase CheZ,day 31,-0.48360888163249,0.304356297646666,not_significant,10.1101/2025.11.24.690089_growth_state_pro99lown_nutrient_starvation_hot1a3_proteomics_coculture
ACZ81_04995,cheR,CheR family methyltransferase,day 89,-0.481415430704754,0.214238480576674,not_significant,10.1101/2025.11.24.690089_growth_state_pro99lown_nutrient_starvation_hot1a3_proteomics_coculture
ACZ81_16970,tar,methyl-accepting chemotaxis protein,day 60,-0.47388521830241,0.223102004787644,not_significant,10.1101/2025.11.24.690089_growth_state_pro99lown_nutrient_starvation_hot1a3_proteomics_coculture
ACZ81_01745,,methyl-accepting chemotaxis protein,day 60,-0.471598943074545,0.249155671338383,not_significant,10.1101/2025.11.24.690089_growth_state_pro99lown_nutrient_starvation_hot1a3_proteomics_coculture
ACZ81_16000,bdlA,methyl-accepting chemotaxis protein,day 31,-0.466555913289386,0.0444579834107553,not_significant,10.1101/2025.11.24.690089_growth_state_pro99lown_nutrient_starvation_hot1a3_proteomics_coculture
ACZ81_06325,,response regulator,day 89,-0.45553779602051,0.0134903545602052,not_significant,10.1101/2025.11.24.690089_growth_state_pro99lown_nutrient_starvation_hot1a3_proteomics_coculture
ACZ81_01425,cheA,chemotaxis protein CheW,days 60+89,-0.45374870300293,0.0766973730847949,not_significant,10.1101/2025.11.24.690089_growth_state_pro99lown_nutrient_starvation_hot1a3_proteomics_coculture
ACZ81_05050,flgL,flagellar hook-associated protein FlgL,day 18,0.450769424438473,0.529164646706294,not_significant,10.1101/2025.11.24.690089_growth_state_pro99lown_nutrient_starvation_hot1a3_proteomics_coculture
ACZ81_05270,cheY,chemotaxis response regulator CheY,day 89,-0.43965721130371,0.0982718424271523,not_significant,10.1101/2025.11.24.690089_growth_state_pro99lown_nutrient_starvation_hot1a3_proteomics_coculture
ACZ81_01475,aer2,methyl-accepting chemotaxis protein,day 89,-0.439331690470377,0.355324818097767,not_significant,10.1101/2025.11.24.690089_growth_state_pro99lown_nutrient_starvation_hot1a3_proteomics_coculture
ACZ81_12975,pomA,flagellar motor protein PomA,day 18,-0.435282389322915,0.362846624883599,not_significant,10.1101/2025.11.24.690089_growth_state_pro99lown_nutrient_starvation_hot1a3_proteomics_coculture
ACZ81_05270,cheY,chemotaxis response regulator CheY,day 31,-0.426216761271156,0.128694264816364,not_significant,10.1101/2025.11.24.690089_growth_state_pro99lown_nutrient_starvation_hot1a3_proteomics_coculture
ACZ81_05025,flgG,flagellar basal-body rod protein FlgG,day 31,0.423433303833007,0.419013604837926,not_significant,10.1101/2025.11.24.690089_growth_state_pro99lown_nutrient_starvation_hot1a3_proteomics_coculture
ACZ81_03740,rpoN,RNA polymerase factor sigma-54,day 60,-0.421839396158853,0.0121935843875998,not_significant,10.1101/2025.11.24.690089_growth_state_pro99lown_nutrient_starvation_hot1a3_proteomics_coculture
ACZ81_18360,cheX,chemotaxis protein CheX,day 89,0.421212514241537,0.302411763154057,not_significant,10.1101/2025.11.24.690089_growth_state_pro99lown_nutrient_starvation_hot1a3_proteomics_coculture
ACZ81_03270,rpoD,RNA polymerase sigma factor RpoD,days 60+89,-0.421071688334149,0.0024530692915962,not_significant,10.1101/2025.11.24.690089_growth_state_pro99lown_nutrient_starvation_hot1a3_proteomics_coculture
ACZ81_03270,rpoD,RNA polymerase sigma factor RpoD,day 18,-0.420462290445965,0.0166394831969489,not_significant,10.1101/2025.11.24.690089_growth_state_pro99lown_nutrient_starvation_hot1a3_proteomics_coculture
ACZ81_03740,rpoN,RNA polymerase factor sigma-54,day 18,-0.41271718343099,0.038467266438773,not_significant,10.1101/2025.11.24.690089_growth_state_pro99lown_nutrient_starvation_hot1a3_proteomics_coculture
ACZ81_03740,rpoN,RNA polymerase factor sigma-54,days 60+89,-0.408421834309895,0.004915545849658,not_significant,10.1101/2025.11.24.690089_growth_state_pro99lown_nutrient_starvation_hot1a3_proteomics_coculture
ACZ81_03740,rpoN,RNA polymerase factor sigma-54,day 89,-0.395004272460936,0.0164294025500976,not_significant,10.1101/2025.11.24.690089_growth_state_pro99lown_nutrient_starvation_hot1a3_proteomics_coculture
ACZ81_04995,cheR,CheR family methyltransferase,days 60+89,-0.385202089945476,0.234279433272679,not_significant,10.1101/2025.11.24.690089_growth_state_pro99lown_nutrient_starvation_hot1a3_proteomics_coculture
ACZ81_05220,fliP,flagellar type III secretion system pore protein FliP,day 18,0.384143193562826,0.636968551579399,not_significant,10.1101/2025.11.24.690089_growth_state_pro99lown_nutrient_starvation_hot1a3_proteomics_coculture
ACZ81_01430,cheW,chemotaxis protein CheW,day 31,-0.379842758178711,0.365851865317061,not_significant,10.1101/2025.11.24.690089_growth_state_pro99lown_nutrient_starvation_hot1a3_proteomics_coculture
ACZ81_12970,motB,flagellar motor protein MotB,days 60+89,-0.377708752950033,0.194506827945428,not_significant,10.1101/2025.11.24.690089_growth_state_pro99lown_nutrient_starvation_hot1a3_proteomics_coculture
ACZ81_01745,,methyl-accepting chemotaxis protein,day 18,0.373991012573242,0.493302385100971,not_significant,10.1101/2025.11.24.690089_growth_state_pro99lown_nutrient_starvation_hot1a3_proteomics_coculture
ACZ81_05460,sapA,ABC transporter substrate-binding protein,day 31,-0.371353149414063,0.0676856014546851,not_significant,10.1101/2025.11.24.690089_growth_state_pro99lown_nutrient_starvation_hot1a3_proteomics_coculture
ACZ81_05150,fleQ,sigma-54 dependent transcriptional regulator,day 89,-0.370609283447265,0.117531987555852,not_significant,10.1101/2025.11.24.690089_growth_state_pro99lown_nutrient_starvation_hot1a3_proteomics_coculture
ACZ81_05200,fliL,flagellar basal body-associated protein FliL,day 18,-0.367671966552736,0.368171190082344,not_significant,10.1101/2025.11.24.690089_growth_state_pro99lown_nutrient_starvation_hot1a3_proteomics_coculture
ACZ81_05015,flgE,flagellar hook protein FlgE,day 31,0.358652750651041,0.521148669184304,not_significant,10.1101/2025.11.24.690089_growth_state_pro99lown_nutrient_starvation_hot1a3_proteomics_coculture
ACZ81_01475,aer2,methyl-accepting chemotaxis protein,days 60+89,-0.357077280680338,0.366427248988697,not_significant,10.1101/2025.11.24.690089_growth_state_pro99lown_nutrient_starvation_hot1a3_proteomics_coculture
ACZ81_05030,flgH,flagellar basal body L-ring protein FlgH,day 18,0.350547154744467,0.51267762485296,not_significant,10.1101/2025.11.24.690089_growth_state_pro99lown_nutrient_starvation_hot1a3_proteomics_coculture
ACZ81_11605,,response regulator,day 18,0.339716593424484,0.756724799569925,not_significant,10.1101/2025.11.24.690089_growth_state_pro99lown_nutrient_starvation_hot1a3_proteomics_coculture
ACZ81_18475,aer-1,methyl-accepting chemotaxis protein,day 18,-0.338650385538737,0.344391134291363,not_significant,10.1101/2025.11.24.690089_growth_state_pro99lown_nutrient_starvation_hot1a3_proteomics_coculture
ACZ81_12970,motB,flagellar motor protein MotB,day 31,-0.33781623840332,0.344188722590883,not_significant,10.1101/2025.11.24.690089_growth_state_pro99lown_nutrient_starvation_hot1a3_proteomics_coculture
ACZ81_03270,rpoD,RNA polymerase sigma factor RpoD,day 60,-0.332876841227214,0.0184196704284401,not_significant,10.1101/2025.11.24.690089_growth_state_pro99lown_nutrient_starvation_hot1a3_proteomics_coculture
ACZ81_05280,cheA,chemotaxis protein CheA,day 18,-0.332442601521813,0.49634417532759,not_significant,10.1101/2025.11.24.690089_growth_state_pro99lown_nutrient_starvation_hot1a3_proteomics_coculture
ACZ81_11165,,methyl-accepting chemotaxis protein,days 60+89,-0.320839564005534,0.299298569248556,not_significant,10.1101/2025.11.24.690089_growth_state_pro99lown_nutrient_starvation_hot1a3_proteomics_coculture
ACZ81_00745,,methyl-accepting chemotaxis protein,day 18,-0.319531122843426,0.501155095577599,not_significant,10.1101/2025.11.24.690089_growth_state_pro99lown_nutrient_starvation_hot1a3_proteomics_coculture
ACZ81_06325,,response regulator,days 60+89,-0.316012064615886,0.0600228331533449,not_significant,10.1101/2025.11.24.690089_growth_state_pro99lown_nutrient_starvation_hot1a3_proteomics_coculture
ACZ81_04995,cheR,CheR family methyltransferase,day 18,-0.307839711507161,0.555269965174962,not_significant,10.1101/2025.11.24.690089_growth_state_pro99lown_nutrient_starvation_hot1a3_proteomics_coculture
ACZ81_18360,cheX,chemotaxis protein CheX,day 18,-0.30433972676595,0.581335905073705,not_significant,10.1101/2025.11.24.690089_growth_state_pro99lown_nutrient_starvation_hot1a3_proteomics_coculture
ACZ81_01450,cheB,protein-glutamate methylesterase/protein-glutamine glutaminase,day 60,-0.301950454711914,0.233411389844168,not_significant,10.1101/2025.11.24.690089_growth_state_pro99lown_nutrient_starvation_hot1a3_proteomics_coculture
ACZ81_04995,cheR,CheR family methyltransferase,day 60,-0.288988749186198,0.458290135686392,not_significant,10.1101/2025.11.24.690089_growth_state_pro99lown_nutrient_starvation_hot1a3_proteomics_coculture
ACZ81_05460,sapA,ABC transporter substrate-binding protein,day 18,0.285696029663086,0.233260479246221,not_significant,10.1101/2025.11.24.690089_growth_state_pro99lown_nutrient_starvation_hot1a3_proteomics_coculture
ACZ81_01475,aer2,methyl-accepting chemotaxis protein,day 31,0.283227284749347,0.593679926180397,not_significant,10.1101/2025.11.24.690089_growth_state_pro99lown_nutrient_starvation_hot1a3_proteomics_coculture
ACZ81_01475,aer2,methyl-accepting chemotaxis protein,day 60,-0.274822870890298,0.567807196999089,not_significant,10.1101/2025.11.24.690089_growth_state_pro99lown_nutrient_starvation_hot1a3_proteomics_coculture
ACZ81_04995,cheR,CheR family methyltransferase,day 31,-0.272277196248372,0.527398110087238,not_significant,10.1101/2025.11.24.690089_growth_state_pro99lown_nutrient_starvation_hot1a3_proteomics_coculture
ACZ81_05285,cheB,protein-glutamate methylesterase/protein-glutamine glutaminase,day 60,-0.258512496948243,0.710170927268122,not_significant,10.1101/2025.11.24.690089_growth_state_pro99lown_nutrient_starvation_hot1a3_proteomics_coculture
ACZ81_05265,fliA,RNA polymerase sigma factor FliA,day 60,-0.254597345987956,0.735532086594068,not_significant,10.1101/2025.11.24.690089_growth_state_pro99lown_nutrient_starvation_hot1a3_proteomics_coculture
ACZ81_05150,fleQ,sigma-54 dependent transcriptional regulator,days 60+89,-0.253275553385416,0.21999656497945,not_significant,10.1101/2025.11.24.690089_growth_state_pro99lown_nutrient_starvation_hot1a3_proteomics_coculture
ACZ81_05265,fliA,RNA polymerase sigma factor FliA,day 89,0.252375920613607,0.753872439477672,not_significant,10.1101/2025.11.24.690089_growth_state_pro99lown_nutrient_starvation_hot1a3_proteomics_coculture
ACZ81_01425,cheA,chemotaxis protein CheW,day 60,-0.252110799153646,0.359487138789046,not_significant,10.1101/2025.11.24.690089_growth_state_pro99lown_nutrient_starvation_hot1a3_proteomics_coculture
ACZ81_03265,,methyl-accepting chemotaxis protein,day 18,-0.249801635742187,0.540229771727296,not_significant,10.1101/2025.11.24.690089_growth_state_pro99lown_nutrient_starvation_hot1a3_proteomics_coculture
ACZ81_05205,fliM,flagellar motor switch protein FliM,day 18,-0.246923446655272,0.662667253829351,not_significant,10.1101/2025.11.24.690089_growth_state_pro99lown_nutrient_starvation_hot1a3_proteomics_coculture
ACZ81_11605,,response regulator,day 60,-0.242350896199547,0.751618745604646,not_significant,10.1101/2025.11.24.690089_growth_state_pro99lown_nutrient_starvation_hot1a3_proteomics_coculture
ACZ81_13410,,methyl-accepting chemotaxis protein,day 18,0.235212326049802,0.864216113309945,not_significant,10.1101/2025.11.24.690089_growth_state_pro99lown_nutrient_starvation_hot1a3_proteomics_coculture
ACZ81_03740,rpoN,RNA polymerase factor sigma-54,day 31,-0.225463231404623,0.174810396474612,not_significant,10.1101/2025.11.24.690089_growth_state_pro99lown_nutrient_starvation_hot1a3_proteomics_coculture
ACZ81_01425,cheA,chemotaxis protein CheW,day 18,-0.222648620605469,0.544095045356463,not_significant,10.1101/2025.11.24.690089_growth_state_pro99lown_nutrient_starvation_hot1a3_proteomics_coculture
ACZ81_01450,cheB,protein-glutamate methylesterase/protein-glutamine glutaminase,days 60+89,-0.217834154764811,0.312808418785475,not_significant,10.1101/2025.11.24.690089_growth_state_pro99lown_nutrient_starvation_hot1a3_proteomics_coculture
ACZ81_11605,,response regulator,days 60+89,0.214409510294595,0.761370579390769,not_significant,10.1101/2025.11.24.690089_growth_state_pro99lown_nutrient_starvation_hot1a3_proteomics_coculture
ACZ81_12970,motB,flagellar motor protein MotB,day 60,-0.212087631225586,0.529953001756628,not_significant,10.1101/2025.11.24.690089_growth_state_pro99lown_nutrient_starvation_hot1a3_proteomics_coculture
ACZ81_05045,flgK,flagellar hook-associated protein FlgK,day 31,-0.178060531616206,0.797287717972561,not_significant,10.1101/2025.11.24.690089_growth_state_pro99lown_nutrient_starvation_hot1a3_proteomics_coculture
ACZ81_06325,,response regulator,day 60,-0.176486333211263,0.310598409295315,not_significant,10.1101/2025.11.24.690089_growth_state_pro99lown_nutrient_starvation_hot1a3_proteomics_coculture
ACZ81_05270,cheY,chemotaxis response regulator CheY,day 18,-0.176273981730143,0.637310058244505,not_significant,10.1101/2025.11.24.690089_growth_state_pro99lown_nutrient_starvation_hot1a3_proteomics_coculture
ACZ81_18360,cheX,chemotaxis protein CheX,day 31,0.16469446818034,0.725145076629113,not_significant,10.1101/2025.11.24.690089_growth_state_pro99lown_nutrient_starvation_hot1a3_proteomics_coculture
ACZ81_05460,sapA,ABC transporter substrate-binding protein,day 60,-0.162018458048503,0.391135578370591,not_significant,10.1101/2025.11.24.690089_growth_state_pro99lown_nutrient_starvation_hot1a3_proteomics_coculture
ACZ81_01450,cheB,protein-glutamate methylesterase/protein-glutamine glutaminase,day 31,0.156306584676107,0.582356350503984,not_significant,10.1101/2025.11.24.690089_growth_state_pro99lown_nutrient_starvation_hot1a3_proteomics_coculture
ACZ81_01450,cheB,protein-glutamate methylesterase/protein-glutamine glutaminase,day 18,-0.148518244425456,0.676464005651736,not_significant,10.1101/2025.11.24.690089_growth_state_pro99lown_nutrient_starvation_hot1a3_proteomics_coculture
ACZ81_13410,,methyl-accepting chemotaxis protein,day 31,-0.146719614664714,0.89764350905535,not_significant,10.1101/2025.11.24.690089_growth_state_pro99lown_nutrient_starvation_hot1a3_proteomics_coculture
ACZ81_03485,,HAMP domain-containing methyl-accepting chemotaxis protein,day 18,0.144746780395508,0.565084917410359,not_significant,10.1101/2025.11.24.690089_growth_state_pro99lown_nutrient_starvation_hot1a3_proteomics_coculture
ACZ81_05150,fleQ,sigma-54 dependent transcriptional regulator,day 60,-0.135941823323568,0.57087975081185,not_significant,10.1101/2025.11.24.690089_growth_state_pro99lown_nutrient_starvation_hot1a3_proteomics_coculture
ACZ81_01450,cheB,protein-glutamate methylesterase/protein-glutamine glutaminase,day 89,-0.133717854817708,0.614168002083717,not_significant,10.1101/2025.11.24.690089_growth_state_pro99lown_nutrient_starvation_hot1a3_proteomics_coculture
ACZ81_05460,sapA,ABC transporter substrate-binding protein,day 89,0.122924168904623,0.529530822249764,not_significant,10.1101/2025.11.24.690089_growth_state_pro99lown_nutrient_starvation_hot1a3_proteomics_coculture
ACZ81_11165,,methyl-accepting chemotaxis protein,day 60,-0.118923823038737,0.738533260251713,not_significant,10.1101/2025.11.24.690089_growth_state_pro99lown_nutrient_starvation_hot1a3_proteomics_coculture
ACZ81_03270,rpoD,RNA polymerase sigma factor RpoD,day 31,-0.108496348063154,0.457144540608168,not_significant,10.1101/2025.11.24.690089_growth_state_pro99lown_nutrient_starvation_hot1a3_proteomics_coculture
ACZ81_05085,fliS,flagellar export chaperone FliS,day 31,0.100200017293297,0.895481616390081,not_significant,10.1101/2025.11.24.690089_growth_state_pro99lown_nutrient_starvation_hot1a3_proteomics_coculture
ACZ81_05150,fleQ,sigma-54 dependent transcriptional regulator,day 31,-0.0881735483805339,0.747947051867624,not_significant,10.1101/2025.11.24.690089_growth_state_pro99lown_nutrient_starvation_hot1a3_proteomics_coculture
ACZ81_01420,cheY1,response regulator,day 31,-0.0702489217122333,0.902158894370502,not_significant,10.1101/2025.11.24.690089_growth_state_pro99lown_nutrient_starvation_hot1a3_proteomics_coculture
ACZ81_11165,,methyl-accepting chemotaxis protein,day 18,-0.0601088205973313,0.921102402457266,not_significant,10.1101/2025.11.24.690089_growth_state_pro99lown_nutrient_starvation_hot1a3_proteomics_coculture
ACZ81_05265,fliA,RNA polymerase sigma factor FliA,day 18,-0.0266393025716161,0.984215984362895,not_significant,10.1101/2025.11.24.690089_growth_state_pro99lown_nutrient_starvation_hot1a3_proteomics_coculture
ACZ81_05170,fliF,flagellar basal-body MS-ring/collar protein FliF,day 18,0.0196228027343732,0.984215984362895,not_significant,10.1101/2025.11.24.690089_growth_state_pro99lown_nutrient_starvation_hot1a3_proteomics_coculture
ACZ81_05460,sapA,ABC transporter substrate-binding protein,days 60+89,-0.01954714457194,0.922129464514607,not_significant,10.1101/2025.11.24.690089_growth_state_pro99lown_nutrient_starvation_hot1a3_proteomics_coculture
ACZ81_11940,,methyl-accepting chemotaxis protein,day 18,-0.016475677490233,0.980783102673185,not_significant,10.1101/2025.11.24.690089_growth_state_pro99lown_nutrient_starvation_hot1a3_proteomics_coculture
ACZ81_06325,,response regulator,day 31,-0.0153586069742864,0.950270451420986,not_significant,10.1101/2025.11.24.690089_growth_state_pro99lown_nutrient_starvation_hot1a3_proteomics_coculture
ACZ81_05265,fliA,RNA polymerase sigma factor FliA,days 60+89,-0.0011107126871747,0.998699153420212,not_significant,10.1101/2025.11.24.690089_growth_state_pro99lown_nutrient_starvation_hot1a3_proteomics_coculture
