experiment_id,organism_name,treatment_type,background_factors,omics_type,compartment,table_scope,table_scope_detail,is_time_course,coculture_partner,gene_count,distinct_gene_count,genes_by_status_significant_up,genes_by_status_significant_down,growth_phases,publication_doi,publication_title,experiment_name,treatment,control
10.1101/2025.11.24.690089_coculture_alteromonas_hot1a3_med4_rnaseq,Prochlorococcus MED4,coculture,light,RNASEQ,whole_cell,all_detected_genes,,False,Alteromonas macleodii HOT1A3,1849,1849,59,3,exponential,10.1101/2025.11.24.690089,Transcriptomic and Proteomic Analysis Reveals Nitrogen Recycling as a Core Mechanism for Prochlorococcus Prolonged Survival,MED4 Coculture with Alteromonas HOT1A3 vs Axenic (RNASEQ),Coculture with Alteromonas HOT1A3,Axenic
10.1101/2025.11.24.690089_growth_state_pro99lown_nutrient_starvation_med4_proteomics_coculture,Prochlorococcus MED4,nitrogen,coculture | light,PROTEOMICS,whole_cell,all_detected_genes,,True,,7120,1424,609,394,nutrient_limited,10.1101/2025.11.24.690089,Transcriptomic and Proteomic Analysis Reveals Nitrogen Recycling as a Core Mechanism for Prochlorococcus Prolonged Survival,MED4 PRO99-lowN nutrient starvation vs PRO99-lowN exponential growth (PROTEOMICS),PRO99-lowN nutrient starvation,PRO99-lowN exponential growth
10.1101/2025.11.24.690089_growth_state_pro99lown_nutrient_starvation_med4_proteomics_axenic,Prochlorococcus MED4,nitrogen,axenic | light,PROTEOMICS,whole_cell,all_detected_genes,,True,,4272,1424,599,556,death | nutrient_limited,10.1101/2025.11.24.690089,Transcriptomic and Proteomic Analysis Reveals Nitrogen Recycling as a Core Mechanism for Prochlorococcus Prolonged Survival,MED4 PRO99-lowN nutrient starvation vs PRO99-lowN exponential growth (PROTEOMICS),PRO99-lowN nutrient starvation,PRO99-lowN exponential growth
10.1101/2025.11.24.690089_growth_state_pro99lown_nutrient_starvation_med4_rnaseq_coculture,Prochlorococcus MED4,nitrogen,coculture | light,RNASEQ,whole_cell,all_detected_genes,,True,,9245,1849,553,834,nutrient_limited,10.1101/2025.11.24.690089,Transcriptomic and Proteomic Analysis Reveals Nitrogen Recycling as a Core Mechanism for Prochlorococcus Prolonged Survival,MED4 PRO99-lowN nutrient starvation vs PRO99-lowN exponential growth (RNASEQ),PRO99-lowN nutrient starvation,PRO99-lowN exponential growth
10.1101/2025.11.24.690089_growth_state_pro99lown_nutrient_starvation_med4_rnaseq_axenic,Prochlorococcus MED4,nitrogen,axenic | light,RNASEQ,whole_cell,all_detected_genes,,False,,1849,1849,405,472,nutrient_limited,10.1101/2025.11.24.690089,Transcriptomic and Proteomic Analysis Reveals Nitrogen Recycling as a Core Mechanism for Prochlorococcus Prolonged Survival,MED4 PRO99-lowN nutrient starvation vs PRO99-lowN exponential growth (RNASEQ),PRO99-lowN nutrient starvation,PRO99-lowN exponential growth
10.1101/2025.08.05.668435_growth_state_freeliving_planktonic_enrichment_mit9301_rnaseq,Prochlorococcus MIT9301,growth_phase,axenic | light,RNASEQ,whole_cell,significant_only,"FDR < 0.05 and ,logFC, > 0.8",False,,234,234,137,97,exponential,10.1101/2025.08.05.668435,Biofilm formation and dynamics in the marine cyanobacterium Prochlorococcus,MIT9301 Free-living (planktonic) enrichment vs Biofilm (adherent) enrichment (RNASEQ),Free-living (planktonic) enrichment,Biofilm (adherent) enrichment
10.1093/ismeco/ycae131_darkness_darktolerant_coculture_under_1311_natl2a_rnaseq,Prochlorococcus NATL2A,darkness,coculture | diel,RNASEQ,whole_cell,significant_any_timepoint,,True,,14105,2015,3875,4233,diel,10.1093/ismeco/ycae131,Emergence of metabolic coupling to the heterotroph Alteromonas promotes dark survival in Prochlorococcus,NATL2A Dark-tolerant co-culture under 13:11 diel light:dark cycle vs Parental co-culture under 13:11 diel light:dark cycle (RNASEQ),Dark-tolerant co-culture under 13:11 diel light:dark cycle,Parental co-culture under 13:11 diel light:dark cycle
10.1128/spectrum.03275-22_dark_low_glucose_med4_proteomics,Prochlorococcus MED4,carbon,coculture | darkness,PROTEOMICS,whole_cell,all_detected_genes,,False,,327,327,0,0,darkness,10.1128/spectrum.03275-22,Integrated Proteomic and Metabolomic Analyses Show Differential Effects of Glucose Availability in Marine Synechococcus and Prochlorococcus,MED4 proteomics: darkness +100 nM glucose vs darkness (control),Darkness + 100 nM glucose addition,Darkness (no glucose)
10.1128/spectrum.03275-22_dark_high_glucose_med4_proteomics,Prochlorococcus MED4,carbon,coculture | darkness,PROTEOMICS,whole_cell,all_detected_genes,,False,,327,327,7,8,darkness,10.1128/spectrum.03275-22,Integrated Proteomic and Metabolomic Analyses Show Differential Effects of Glucose Availability in Marine Synechococcus and Prochlorococcus,MED4 proteomics: darkness +5 mM glucose vs darkness (control),Darkness + 5 mM glucose addition,Darkness (no glucose)
10.1128/spectrum.03275-22_light_low_glucose_med4_proteomics,Prochlorococcus MED4,carbon,coculture | light,PROTEOMICS,whole_cell,all_detected_genes,,False,,327,327,0,0,stationary,10.1128/spectrum.03275-22,Integrated Proteomic and Metabolomic Analyses Show Differential Effects of Glucose Availability in Marine Synechococcus and Prochlorococcus,MED4 proteomics: light +100 nM glucose vs light (control),Light + 100 nM glucose addition,Light (no glucose)
10.1128/spectrum.03275-22_light_high_glucose_med4_proteomics,Prochlorococcus MED4,carbon,coculture | light,PROTEOMICS,whole_cell,all_detected_genes,,False,,327,327,8,18,stationary,10.1128/spectrum.03275-22,Integrated Proteomic and Metabolomic Analyses Show Differential Effects of Glucose Availability in Marine Synechococcus and Prochlorococcus,MED4 proteomics: light +5 mM glucose vs light (control),Light + 5 mM glucose addition,Light (no glucose)
10.1128/msystems.01261-22_kujawinski_metabolomics_0801_extracellular,Prochlorococcus MIT0801,growth_phase,axenic,METABOLOMICS,extracellular,,,False,,0,0,0,0,,10.1128/msystems.01261-22,Metabolite diversity among representatives of divergent Prochlorococcus ecotypes,MIT0801 metabolite diversity (extracellular pool),replete (Pro99),n/a
10.1128/msystems.01261-22_kujawinski_metabolomics_0801_whole_cell,Prochlorococcus MIT0801,growth_phase,axenic,METABOLOMICS,whole_cell,,,False,,0,0,0,0,,10.1128/msystems.01261-22,Metabolite diversity among representatives of divergent Prochlorococcus ecotypes,MIT0801 metabolite diversity (intracellular pool),replete (Pro99),n/a
10.1128/mbio.03425-22_thermal_acclimation_mit9301_rnaseq,Prochlorococcus MIT9301,temperature,axenic | diel,RNASEQ,whole_cell,,,False,,0,0,0,0,,10.1128/mbio.03425-22,Transcriptional Mechanisms of Thermal Acclimation in Prochlorococcus,MIT9301 long-term thermal acclimation RNA-seq across 5 temperatures,"Long-term thermal acclimation (17, 20, 22, 25, 30C)",Multi-temperature comparison (17-30C) — pairwise contrasts
10.1128/msystems.01261-22_kujawinski_metabolomics_9301_extracellular,Prochlorococcus MIT9301,phosphorus,axenic,METABOLOMICS,extracellular,,,False,,0,0,0,0,,10.1128/msystems.01261-22,Metabolite diversity among representatives of divergent Prochlorococcus ecotypes,MIT9301 metabolite diversity (extracellular pool),replete + P-limited,replete (Pro99)
10.1128/msystems.01261-22_kujawinski_metabolomics_9301_whole_cell,Prochlorococcus MIT9301,phosphorus,axenic,METABOLOMICS,whole_cell,,,False,,0,0,0,0,,10.1128/msystems.01261-22,Metabolite diversity among representatives of divergent Prochlorococcus ecotypes,MIT9301 metabolite diversity (intracellular pool),replete + P-limited,replete (Pro99)
10.1073/pnas.2213271120_chitosan_addition_mit9303_rnaseq,Prochlorococcus MIT9303,carbon,axenic | light,RNASEQ,whole_cell,significant_only,,False,,25,25,7,7,exponential,10.1073/pnas.2213271120,Chitin utilization by marine picocyanobacteria and the evolution of a planktonic lifestyle,"MIT9303 chitosan addition RNA-seq (primary degrader, full pathway)",Chitosan addition (56 ug/mL in Pro99 AMP1 medium),Pro99 AMP1 medium without chitosan
10.1073/pnas.2213271120_chitosan_addition_mit9303_metabolomics,Prochlorococcus MIT9303,carbon,axenic | light,METABOLOMICS,whole_cell,,,False,,0,0,0,0,,10.1073/pnas.2213271120,Chitin utilization by marine picocyanobacteria and the evolution of a planktonic lifestyle,MIT9303 chitosan addition — intracellular metabolomics,Chitosan addition (56 ug/mL in Pro99 AMP1 medium),Pro99 AMP1 medium without chitosan
10.1073/pnas.2213271120_chitosan_addition_mit9313_rnaseq,Prochlorococcus MIT9313,carbon,axenic | light,RNASEQ,whole_cell,significant_only,,False,,72,72,28,16,exponential,10.1073/pnas.2213271120,Chitin utilization by marine picocyanobacteria and the evolution of a planktonic lifestyle,"MIT9313 chitosan addition RNA-seq (secondary degrader, partial pathway)",Chitosan addition (56 ug/mL in Pro99 AMP1 medium),Pro99 AMP1 medium without chitosan
10.1073/pnas.2213271120_chitosan_addition_mit9313_metabolomics,Prochlorococcus MIT9313,carbon,axenic | light,METABOLOMICS,whole_cell,,,False,,0,0,0,0,,10.1073/pnas.2213271120,Chitin utilization by marine picocyanobacteria and the evolution of a planktonic lifestyle,MIT9313 chitosan addition — intracellular metabolomics,Chitosan addition (56 ug/mL in Pro99 AMP1 medium),Pro99 AMP1 medium without chitosan
10.1128/msystems.01261-22_kujawinski_metabolomics_9313_extracellular,Prochlorococcus MIT9313,growth_phase,axenic,METABOLOMICS,extracellular,,,False,,0,0,0,0,,10.1128/msystems.01261-22,Metabolite diversity among representatives of divergent Prochlorococcus ecotypes,MIT9313 metabolite diversity (extracellular pool),replete (Pro99),n/a
10.1128/msystems.01261-22_kujawinski_metabolomics_9313_whole_cell,Prochlorococcus MIT9313,growth_phase,axenic,METABOLOMICS,whole_cell,,,False,,0,0,0,0,,10.1128/msystems.01261-22,Metabolite diversity among representatives of divergent Prochlorococcus ecotypes,MIT9313 metabolite diversity (intracellular pool),replete (Pro99),n/a
10.1128/spectrum.03275-22_dark_low_glucose_ss120_proteomics,Prochlorococcus marinus subsp. marinus CCMP1375 (SS120),carbon,coculture | darkness,PROTEOMICS,whole_cell,all_detected_genes,,False,,930,930,1,1,darkness,10.1128/spectrum.03275-22,Integrated Proteomic and Metabolomic Analyses Show Differential Effects of Glucose Availability in Marine Synechococcus and Prochlorococcus,SS120 proteomics: darkness +100 nM glucose vs darkness (control),Darkness + 100 nM glucose addition,Darkness (no glucose)
10.1128/spectrum.03275-22_dark_high_glucose_ss120_proteomics,Prochlorococcus marinus subsp. marinus CCMP1375 (SS120),carbon,coculture | darkness,PROTEOMICS,whole_cell,all_detected_genes,,False,,929,929,198,43,darkness,10.1128/spectrum.03275-22,Integrated Proteomic and Metabolomic Analyses Show Differential Effects of Glucose Availability in Marine Synechococcus and Prochlorococcus,SS120 proteomics: darkness +5 mM glucose vs darkness (control),Darkness + 5 mM glucose addition,Darkness (no glucose)
10.1128/spectrum.03275-22_light_low_glucose_ss120_proteomics,Prochlorococcus marinus subsp. marinus CCMP1375 (SS120),carbon,coculture | light,PROTEOMICS,whole_cell,all_detected_genes,,False,,930,930,0,1,stationary,10.1128/spectrum.03275-22,Integrated Proteomic and Metabolomic Analyses Show Differential Effects of Glucose Availability in Marine Synechococcus and Prochlorococcus,SS120 proteomics: light +100 nM glucose vs light (control),Light + 100 nM glucose addition,Light (no glucose)
10.1128/spectrum.03275-22_light_high_glucose_ss120_proteomics,Prochlorococcus marinus subsp. marinus CCMP1375 (SS120),carbon,coculture | light,PROTEOMICS,whole_cell,all_detected_genes,,False,,928,928,136,56,stationary,10.1128/spectrum.03275-22,Integrated Proteomic and Metabolomic Analyses Show Differential Effects of Glucose Availability in Marine Synechococcus and Prochlorococcus,SS120 proteomics: light +5 mM glucose vs light (control),Light + 5 mM glucose addition,Light (no glucose)
10.3389/fmicb.2022.1038136_salt_low_salinity_acclimation_28_med4_rnaseq,Prochlorococcus MED4,salt,axenic | light,RNASEQ,whole_cell,significant_only,"p < 0.05 and ,logFC, > 1",False,,28,28,13,15,acclimated_steady_state,10.3389/fmicb.2022.1038136,Acclimation and stress response of Prochlorococcus to low salinity.,MED4 Low salinity acclimation (28 psu) vs Normal seawater salinity (34 psu) (RNASEQ),Low salinity acclimation (28 psu),Normal seawater salinity (34 psu)
10.1038/s43705-022-00197-2_carbon_stress_elevated_pco2_800_ppm_mit9312_rnaseq,Prochlorococcus MIT9312,carbon,axenic | coculture,RNASEQ,whole_cell,significant_only,,False,,37,37,10,27,exponential,10.1038/s43705-022-00197-2,Community context and pCO 2 impact the transcriptome of the “helper” bacterium Alteromonas in co-culture with picocyanobacteria,MIT9312 Elevated pCO2 (800 ppm) vs Ambient pCO2 (400 ppm) (RNASEQ),Elevated pCO2 (800 ppm),Ambient pCO2 (400 ppm)
10.1111/1462-2920.15834_vesicle_metabolomics_mit9312,Prochlorococcus MIT9312,compartment,axenic | light,METABOLOMICS,vesicle,,,False,,0,0,0,0,,10.1111/1462-2920.15834,Prochlorococcus extracellular vesicles: molecular composition and adsorption to diverse microbes,MIT9312 extracellular vesicle targeted metabolome (Table S7),Purified extracellular vesicle metabolome,Whole-cell metabolome (separate experiment)
10.1111/1462-2920.15834_vesicle_proteomics_mit9312,Prochlorococcus MIT9312,compartment,axenic | light,VESICLE_PROTEOMICS,vesicle,all_detected_genes,,False,,0,0,0,0,,10.1111/1462-2920.15834,Prochlorococcus extracellular vesicles: molecular composition and adsorption to diverse microbes,MIT9312 vesicle vs whole-cell proteome (label-free LC-MS/MS),Vesicle fraction (extracellular),Whole cell (intracellular)
10.1111/1462-2920.15834_cells_metabolomics_mit9312,Prochlorococcus MIT9312,compartment,axenic | light,METABOLOMICS,whole_cell,,,False,,0,0,0,0,,10.1111/1462-2920.15834,Prochlorococcus extracellular vesicles: molecular composition and adsorption to diverse microbes,MIT9312 whole-cell targeted metabolome (Table S7),Whole-cell metabolome,Purified extracellular vesicle metabolome (separate experiment)
10.1111/1462-2920.15834_vesicle_metabolomics_mit9313,Prochlorococcus MIT9313,compartment,axenic | light,METABOLOMICS,vesicle,,,False,,0,0,0,0,,10.1111/1462-2920.15834,Prochlorococcus extracellular vesicles: molecular composition and adsorption to diverse microbes,MIT9313 extracellular vesicle targeted metabolome (Table S7),Purified extracellular vesicle metabolome,Whole-cell metabolome (separate experiment)
10.1111/1462-2920.15834_vesicle_proteomics_mit9313,Prochlorococcus MIT9313,compartment,axenic | light,VESICLE_PROTEOMICS,vesicle,all_detected_genes,,False,,0,0,0,0,,10.1111/1462-2920.15834,Prochlorococcus extracellular vesicles: molecular composition and adsorption to diverse microbes,MIT9313 vesicle vs whole-cell proteome (label-free LC-MS/MS),Vesicle fraction (extracellular),Whole cell (intracellular)
10.1111/1462-2920.15834_cells_metabolomics_mit9313,Prochlorococcus MIT9313,compartment,axenic | light,METABOLOMICS,whole_cell,,,False,,0,0,0,0,,10.1111/1462-2920.15834,Prochlorococcus extracellular vesicles: molecular composition and adsorption to diverse microbes,MIT9313 whole-cell targeted metabolome (Table S7),Whole-cell metabolome,Purified extracellular vesicle metabolome (separate experiment)
10.3389/fmicb.2022.1038136_salt_low_salinity_acclimation_28_natl1a_rnaseq,Prochlorococcus NATL1A,salt,axenic | light,RNASEQ,whole_cell,significant_only,"p < 0.05 and ,logFC, > 1",False,,81,81,59,22,acclimated_steady_state,10.3389/fmicb.2022.1038136,Acclimation and stress response of Prochlorococcus to low salinity.,NATL1A Low salinity acclimation (28 psu) vs Normal seawater salinity (34 psu) (RNASEQ),Low salinity acclimation (28 psu),Normal seawater salinity (34 psu)
10.1038/s42003-019-0410-x_plastic_hdpe_plastic_leachate_50_mit9312_rnaseq,Prochlorococcus MIT9312,plastic,axenic | light,RNASEQ,whole_cell,filtered_subset,"Genes significant for HDPE or PVC or both, both in single table",False,,396,396,200,196,acute_stress,10.1038/s42003-019-0410-x,"Plastic leachates impair growth and oxygen production in Prochlorococcus, the ocean^s most abundant photosynthetic bacteria",MIT9312 HDPE plastic leachate (50% dilution) vs AMP1 media control (no leachate) (RNASEQ),HDPE plastic leachate (50% dilution),AMP1 media control (no leachate)
10.1038/s42003-019-0410-x_plastic_pvc_plastic_leachate_2_mit9312_rnaseq,Prochlorococcus MIT9312,plastic,axenic | light,RNASEQ,whole_cell,filtered_subset,"Genes significant for HDPE or PVC or both, both in single table",False,,583,583,300,283,acute_stress,10.1038/s42003-019-0410-x,"Plastic leachates impair growth and oxygen production in Prochlorococcus, the ocean^s most abundant photosynthetic bacteria",MIT9312 PVC plastic leachate (2% dilution) vs AMP1 media control (no leachate) (RNASEQ),PVC plastic leachate (2% dilution),AMP1 media control (no leachate)
10.1111/1462-2920.14513_viral_viral_dom_vdom_addition_mit9313_rnaseq,Prochlorococcus MIT9313,viral,light,RNASEQ,whole_cell,significant_any_timepoint,,True,Phage,3852,428,461,373,exponential,10.1111/1462-2920.14513,Transcriptomic responses of the marine cyanobacterium Prochlorococcus to viral lysis products,MIT9313 Viral DOM (vDOM) addition vs Pro99 growth medium control (RNASEQ),Viral DOM (vDOM) addition,Pro99 growth medium control
10.1038/s42003-019-0410-x_plastic_hdpe_plastic_leachate_50_natl2a_rnaseq,Prochlorococcus NATL2A,plastic,axenic | light,RNASEQ,whole_cell,filtered_subset,"Genes significant for HDPE or PVC or both, both in single table",False,,131,131,64,67,acute_stress,10.1038/s42003-019-0410-x,"Plastic leachates impair growth and oxygen production in Prochlorococcus, the ocean^s most abundant photosynthetic bacteria",NATL2A HDPE plastic leachate (50% dilution) vs AMP1 media control (no leachate) (RNASEQ),HDPE plastic leachate (50% dilution),AMP1 media control (no leachate)
10.1038/s42003-019-0410-x_plastic_pvc_plastic_leachate_2_natl2a_rnaseq,Prochlorococcus NATL2A,plastic,axenic | light,RNASEQ,whole_cell,filtered_subset,"Genes significant for HDPE or PVC or both, both in single table",False,,64,64,31,33,acute_stress,10.1038/s42003-019-0410-x,"Plastic leachates impair growth and oxygen production in Prochlorococcus, the ocean^s most abundant photosynthetic bacteria",NATL2A PVC plastic leachate (2% dilution) vs AMP1 media control (no leachate) (RNASEQ),PVC plastic leachate (2% dilution),AMP1 media control (no leachate)
10.1038/ismej.2017.189_carbon_stress_elevated_co2_800_ppm_mit9312_rnaseq,Prochlorococcus MIT9312,carbon,coculture | diel,RNASEQ,whole_cell,significant_only,,False,,103,103,52,51,acclimated_steady_state,10.1038/ismej.2017.189,The impact of elevated CO 2 on Prochlorococcus and microbial interactions with ‘helper’ bacterium Alteromonas,MIT9312 Elevated CO2 (800 ppm) vs Ambient CO2 (400 ppm) (RNASEQ),Elevated CO2 (800 ppm),Ambient CO2 (400 ppm)
10.1128/mSystems.00040-18_darkness_extended_darkness_natl2a_rnaseq_coculture,Prochlorococcus NATL2A,darkness,coculture | diel,RNASEQ,whole_cell,significant_any_timepoint,,True,,5862,1954,791,1410,darkness,10.1128/mSystems.00040-18,Heterotroph interactions alter Prochlorococcus transcriptome dynamics during extended periods of darkness,NATL2A Extended darkness vs 13:11 diel light:dark cycle control (RNASEQ),Extended darkness,13:11 diel light:dark cycle control
10.1128/mSystems.00040-18_darkness_extended_darkness_natl2a_rnaseq_axenic,Prochlorococcus NATL2A,darkness,axenic | diel,RNASEQ,whole_cell,significant_any_timepoint,,True,,5862,1954,1176,2067,darkness,10.1128/mSystems.00040-18,Heterotroph interactions alter Prochlorococcus transcriptome dynamics during extended periods of darkness,NATL2A Extended darkness vs 13:11 diel light:dark cycle control (RNASEQ),Extended darkness,13:11 diel light:dark cycle control
10.1038/ismej.2017.88_nitrogen_stress_ndepleted_pro99_medium_med4_rnaseq,Prochlorococcus MED4,nitrogen,axenic | light,RNASEQ,whole_cell,filtered_subset,Top 50% of genes by expression level,True,,2534,857,271,326,nutrient_limited | acute_stress,10.1038/ismej.2017.88,Nitrogen cost minimization is promoted by structural changes in the transcriptome of N-deprived Prochlorococcus cells,MED4 N-depleted Pro99 medium vs N-replete Pro99 medium (RNASEQ),N-depleted Pro99 medium,N-replete Pro99 medium
10.1128/mSystems.00008-17_azaserine_ss120_proteomics,Prochlorococcus marinus subsp. marinus CCMP1375 (SS120),nitrogen,light | axenic,PROTEOMICS,whole_cell,significant_only,Only significantly-changing proteins reported in S3 (up + down).,False,,389,389,15,135,acute_stress,10.1128/mSystems.00008-17,Quantitative Proteomics Shows Extensive Remodeling Induced by Nitrogen Limitation in Prochlorococcus marinus SS120,SS120 proteomics: control vs azaserine (N-limitation proxy),"Azaserine 10 uM (ferredoxin-GOGAT inhibitor, proxy for N-limitation)",Untreated control
10.1038/ismej.2016.70_coculture_alteromonas_hot1a3_med4_rnaseq,Prochlorococcus MED4,coculture,light,RNASEQ,whole_cell,all_detected_genes,,False,Alteromonas macleodii HOT1A3,1714,1714,24,272,exponential,10.1038/ismej.2016.70,Transcriptional response of Prochlorococcus to co-culture with a marine Alteromonas: differences between strains and the involvement of putative infochemicals,MED4 Coculture with Alteromonas HOT1A3 vs Pro99 medium growth conditions (RNASEQ),Coculture with Alteromonas HOT1A3,Pro99 medium growth conditions
10.1371/journal.pone.0165375_light_stress_constant_dark_med4_rnaseq_dark,Prochlorococcus MED4,light,axenic,RNASEQ,whole_cell,significant_only,,True,,49,32,13,36,acute_stress,10.1371/journal.pone.0165375,Gene Expression Patterns during Light and Dark Infection of Prochlorococcus by Cyanophage,MED4 Constant dark vs Constant light (90 µE m-2 s-1) (RNASEQ),Constant dark,Constant light (90 µE m-2 s-1)
10.1371/journal.pone.0165375_light_stress_constant_dark_med4_rnaseq_infected,Prochlorococcus MED4,light,viral,RNASEQ,whole_cell,significant_only,,True,,52,39,9,43,infected,10.1371/journal.pone.0165375,Gene Expression Patterns during Light and Dark Infection of Prochlorococcus by Cyanophage,MED4 Constant dark vs Constant light (90 µE m-2 s-1) (RNASEQ),Constant dark,Constant light (90 µE m-2 s-1)
10.1371/journal.pone.0165375_viral_phage_phm2_lysate_med4_rnaseq_dark,Prochlorococcus MED4,viral,darkness,RNASEQ,whole_cell,significant_only,,True,Phage,33,25,11,22,infected,10.1371/journal.pone.0165375,Gene Expression Patterns during Light and Dark Infection of Prochlorococcus by Cyanophage,MED4 Phage (P-HM2) lysate vs Spent medium (uninfected) in dark (RNASEQ),Phage (P-HM2) lysate,Spent medium (uninfected)
10.1371/journal.pone.0165375_viral_phage_phm2_lysate_med4_rnaseq_light,Prochlorococcus MED4,viral,light,RNASEQ,whole_cell,significant_only,,True,Phage,34,30,13,21,infected,10.1371/journal.pone.0165375,Gene Expression Patterns during Light and Dark Infection of Prochlorococcus by Cyanophage,MED4 Phage (P-HM2) lysate vs Spent medium (uninfected) in light (RNASEQ),Phage (P-HM2) lysate,Spent medium (uninfected)
10.1038/ismej.2016.70_coculture_alteromonas_hot1a3_mit9313_rnaseq_inoc_05e6,Prochlorococcus MIT9313,coculture,light,RNASEQ,whole_cell,all_detected_genes,,False,Alteromonas macleodii HOT1A3,2267,2267,153,45,exponential,10.1038/ismej.2016.70,Transcriptional response of Prochlorococcus to co-culture with a marine Alteromonas: differences between strains and the involvement of putative infochemicals,MIT9313 Coculture with Alteromonas HOT1A3 vs Pro99 medium growth conditions (RNASEQ),Coculture with Alteromonas HOT1A3,Pro99 medium growth conditions
10.1038/ismej.2016.70_coculture_alteromonas_hot1a3_mit9313_rnaseq_inoc_5e6,Prochlorococcus MIT9313,coculture,light,RNASEQ,whole_cell,all_detected_genes,,False,Alteromonas macleodii HOT1A3,2268,2268,96,3,exponential,10.1038/ismej.2016.70,Transcriptional response of Prochlorococcus to co-culture with a marine Alteromonas: differences between strains and the involvement of putative infochemicals,MIT9313 Coculture with Alteromonas HOT1A3 vs Pro99 medium growth conditions (RNASEQ),Coculture with Alteromonas HOT1A3,Pro99 medium growth conditions
10.1038/ismej.2016.82_coculture_alteromonas_macleodii_mit1002_natl2a_rnaseq,Prochlorococcus NATL2A,coculture,light,RNASEQ,whole_cell,significant_any_timepoint,,True,Alteromonas macleodii MIT1002,2471,353,221,352,exponential,10.1038/ismej.2016.82,Torn apart and reunited: impact of a heterotroph on the transcriptome of Prochlorococcus,NATL2A Co-culture with Alteromonas macleodii MIT1002 vs Axenic Prochlorococcus NATL2A (RNASEQ),Co-culture with Alteromonas macleodii MIT1002,Axenic Prochlorococcus NATL2A
10.1016/j.micres.2015.04.006_salt_saltacclimated_5_salt_as9601_rnaseq,Prochlorococcus AS9601,salt,axenic | light,RNASEQ,whole_cell,all_detected_genes,,False,,1887,1887,950,937,acclimated_steady_state,10.1016/j.micres.2015.04.006,Global transcriptome analysis of salt acclimated Prochlorococcus AS9601,AS9601 Salt-acclimated (5% salt) vs Normal seawater control (3.8% salt) (RNASEQ),Salt-acclimated (5% salt),Normal seawater control (3.8% salt)
10.1038/ismej.2015.36_carbon_air_0036_co2_21_med4_microarray,Prochlorococcus MED4,carbon,axenic | light,MICROARRAY,whole_cell,filtered_subset,"Genes significant in any of 4 gas conditions, all conditions in single table",False,,166,166,121,45,acute_stress,10.1038/ismej.2015.36,Response of Prochlorococcus to varying CO2:O2 ratios,MED4 Air (0.036% CO2 / 21% O2) vs Time 0 (pre-shock) (MICROARRAY),Air (0.036% CO2 / 21% O2),Time 0 (pre-shock)
10.1038/ismej.2015.36_carbon_ambient_co2_no_o2_med4_microarray,Prochlorococcus MED4,carbon,axenic | light,MICROARRAY,whole_cell,filtered_subset,"Genes significant in any of 4 gas conditions, all conditions in single table",False,,4,4,4,0,acute_stress,10.1038/ismej.2015.36,Response of Prochlorococcus to varying CO2:O2 ratios,"MED4 Ambient CO2, no O2 (0.036% CO2 / 0% O2) vs Air (0.036% CO2 / 21% O2) (MICROARRAY)","Ambient CO2, no O2 (0.036% CO2 / 0% O2)",Air (0.036% CO2 / 21% O2)
10.1038/ismej.2015.36_carbon_low_co2_0004_co2_med4_microarray,Prochlorococcus MED4,carbon,axenic | light,MICROARRAY,whole_cell,filtered_subset,"Genes significant in any of 4 gas conditions, all conditions in single table",False,,285,285,74,211,acute_stress,10.1038/ismej.2015.36,Response of Prochlorococcus to varying CO2:O2 ratios,MED4 Low CO2 (0.004% CO2 / 21% O2) vs Air (0.036% CO2 / 21% O2) (MICROARRAY),Low CO2 (0.004% CO2 / 21% O2),Air (0.036% CO2 / 21% O2)
10.1038/ismej.2015.36_carbon_low_co2_and_no_med4_microarray,Prochlorococcus MED4,carbon,axenic | light,MICROARRAY,whole_cell,filtered_subset,"Genes significant in any of 4 gas conditions, all conditions in single table",False,,252,252,48,204,acute_stress,10.1038/ismej.2015.36,Response of Prochlorococcus to varying CO2:O2 ratios,MED4 Low CO2 and no O2 (0.004% CO2 / 0% O2) vs Air (0.036% CO2 / 21% O2) (MICROARRAY),Low CO2 and no O2 (0.004% CO2 / 0% O2),Air (0.036% CO2 / 21% O2)
10.1111/1462-2920.13104_phosphorus_plimited_natl2a_rnaseq_infected,Prochlorococcus NATL2A,phosphorus,viral | diel,RNASEQ,whole_cell,significant_only,,True,,272,34,118,0,recovery | nutrient_limited,10.1111/1462-2920.13104,Transcriptomic response during phage infection of a marine cyanobacterium under phosphorus-limited conditions,NATL2A P-limited vs P-replete control (RNASEQ),P-limited,P-replete control
10.1111/1462-2920.13104_phosphorus_plimited_natl2a_rnaseq_uninfected,Prochlorococcus NATL2A,phosphorus,axenic | diel,RNASEQ,whole_cell,significant_only,,True,,204,34,41,4,recovery | nutrient_limited,10.1111/1462-2920.13104,Transcriptomic response during phage infection of a marine cyanobacterium under phosphorus-limited conditions,NATL2A P-limited vs P-replete control (RNASEQ),P-limited,P-replete control
10.1186/1471-2180-14-11_expression_profiling_med4_rnaseq,Prochlorococcus MED4,growth_phase,axenic | light,RNASEQ,whole_cell,,,False,,0,0,0,0,,10.1186/1471-2180-14-11,The transcriptome landscape of Prochlorococcus MED4 and the factors for stabilizing the core genome,MED4 steady-state expression profiling across growth conditions,"Multiple growth conditions (Pro99 and AMP media, exponential and log-phase)","Multi-condition profiling (Pro99/AMP, exponential/stationary)"
10.1126/science.1243457_vesicle_proteomics_med4,Prochlorococcus MED4,compartment,axenic | light,VESICLE_PROTEOMICS,vesicle,significant_only,Proteins meeting Mascot >=97% identification probability with >=1 exclusive unique peptide; no whole-cell comparison reported.,False,,0,0,0,0,,10.1126/science.1243457,Bacterial Vesicles in Marine Ecosystems,"MED4 vesicle proteome (LC-MS/MS, presence + Mascot probability + PSORTb localization)",Vesicle fraction (extracellular),Whole cell (intracellular)
10.1126/science.1243457_vesicle_dnaseq_med4,Prochlorococcus MED4,compartment,axenic | light,VESICLE_DNASEQ,vesicle,top_n,Top 50 ORFs by average read coverage; full set of 1079 covered ORFs not in supplementary.,False,,0,0,0,0,,10.1126/science.1243457,Bacterial Vesicles in Marine Ecosystems,MED4 vesicle-encapsulated DNA-seq (top-50 ORFs by avg read coverage),Vesicle-encapsulated DNA fraction (DNase-protected),"None (vesicle DNA content profiling, no comparison)"
10.1126/science.1243457_vesicle_proteomics_mit9313,Prochlorococcus MIT9313,compartment,axenic | light,VESICLE_PROTEOMICS,vesicle,significant_only,Proteins meeting Mascot identification threshold with >=1 exclusive unique peptide; no whole-cell comparison reported.,False,,0,0,0,0,,10.1126/science.1243457,Bacterial Vesicles in Marine Ecosystems,"MIT9313 vesicle proteome (LC-MS/MS, presence + Mascot probability + PSORTb localization)",Vesicle fraction (extracellular),Whole cell (intracellular)
10.1371/journal.pone.0043432_waldbauer_2012_med4_paired_diel,Prochlorococcus MED4,diel,axenic,PAIRED_RNASEQ_PROTEOME,whole_cell,,,False,,0,0,0,0,,10.1371/journal.pone.0043432,Transcriptome and Proteome Dynamics of a Light-Dark Synchronized Bacterial Cell Cycle,MED4 diel paired transcript-protein analysis (Waldbauer 2012),Light-dark synchronized diel cycle (14:10),
10.1186/2046-9063-8-7_pi_limitation_mit9312_itraq,Prochlorococcus MIT9312,phosphorus,light | axenic,PROTEOMICS,whole_cell,significant_only,Only proteins reaching the paper^s fold-change cutoff (>1.6 or <0.6) are reported in S1.,False,,38,38,4,4,stationary,10.1186/2046-9063-8-7,Comparative quantitative proteomics of Prochlorococcus ecotypes to a decrease in environmental phosphate concentrations,MIT9312 proteomics: Pi replete vs Pi deplete (iTRAQ),Phosphate deplete (10 uM NaH2PO4),Phosphate replete (50 uM NaH2PO4)
10.1186/2046-9063-8-7_pi_limitation_natl2a_itraq,Prochlorococcus NATL2A,phosphorus,light | axenic,PROTEOMICS,whole_cell,significant_only,Only proteins reaching the paper^s fold-change cutoff (>1.6 or <0.6) are reported in S1.,False,,63,63,0,61,exponential,10.1186/2046-9063-8-7,Comparative quantitative proteomics of Prochlorococcus ecotypes to a decrease in environmental phosphate concentrations,NATL2A proteomics: Pi replete vs Pi deplete (iTRAQ),Phosphate deplete (10 uM NaH2PO4),Phosphate replete (50 uM NaH2PO4)
10.1186/2046-9063-8-7_pi_limitation_ss120_itraq,Prochlorococcus marinus subsp. marinus CCMP1375 (SS120),phosphorus,light | axenic,PROTEOMICS,whole_cell,significant_only,Only proteins reaching the paper^s fold-change cutoff (>1.6 or <0.6) are reported in S1.,False,,34,34,4,1,stationary,10.1186/2046-9063-8-7,Comparative quantitative proteomics of Prochlorococcus ecotypes to a decrease in environmental phosphate concentrations,SS120 proteomics: Pi replete vs Pi deplete (iTRAQ),Phosphate deplete (10 uM NaH2PO4),Phosphate replete (50 uM NaH2PO4)
10.1038/ismej.2011.49_iron_iron_starvation_med4_med4_microarray_light_2,Prochlorococcus MED4,iron,axenic | light,MICROARRAY,whole_cell,significant_any_timepoint,,False,,112,112,60,32,nutrient_limited,10.1038/ismej.2011.49,Transcriptome response of high- and low-light-adapted Prochlorococcus strains to changing iron availability,MED4 Iron starvation (MED4) vs Iron-replete control (MED4) (MICROARRAY),Iron starvation (MED4),Iron-replete control (MED4)
10.1038/ismej.2011.49_iron_iron_starvation_med4_med4_microarray_light,Prochlorococcus MED4,iron,axenic | light,MICROARRAY,whole_cell,significant_any_timepoint,,True,,224,112,90,35,acute_stress,10.1038/ismej.2011.49,Transcriptome response of high- and low-light-adapted Prochlorococcus strains to changing iron availability,MED4 Iron starvation (MED4) vs Iron-replete control (MED4) (MICROARRAY),Iron starvation (MED4),Iron-replete control (MED4)
10.1038/ismej.2011.49_growth_medium_ironreplete_control_med4_med4_microarray,Prochlorococcus MED4,iron,axenic | light,MICROARRAY,whole_cell,significant_any_timepoint,,False,,112,112,40,66,recovery,10.1038/ismej.2011.49,Transcriptome response of high- and low-light-adapted Prochlorococcus strains to changing iron availability,MED4 Iron-replete control (MED4) vs Iron starvation (MED4) (MICROARRAY),Iron-replete control (MED4),Iron starvation (MED4)
10.1038/ismej.2011.49_iron_iron_starvation_mit9313_mit9313_microarray,Prochlorococcus MIT9313,iron,axenic | light,MICROARRAY,whole_cell,significant_any_timepoint,,True,,294,98,68,48,nutrient_limited | acute_stress,10.1038/ismej.2011.49,Transcriptome response of high- and low-light-adapted Prochlorococcus strains to changing iron availability,MIT9313 Iron starvation (MIT9313) vs Iron-replete control (MIT9313) (MICROARRAY),Iron starvation (MIT9313),Iron-replete control (MIT9313)
10.1038/ismej.2011.49_growth_medium_ironreplete_control_mit9313_mit9313_microarray,Prochlorococcus MIT9313,iron,axenic | light,MICROARRAY,whole_cell,significant_any_timepoint,,False,,98,98,11,35,recovery,10.1038/ismej.2011.49,Transcriptome response of high- and low-light-adapted Prochlorococcus strains to changing iron availability,MIT9313 Iron-replete control (MIT9313) vs Iron starvation (MIT9313) (MICROARRAY),Iron-replete control (MIT9313),Iron starvation (MIT9313)
10.1371/journal.pone.0005135_diel_cycling_med4_microarray,Prochlorococcus MED4,diel,axenic | diel,MICROARRAY,whole_cell,,,False,,0,0,0,0,,10.1371/journal.pone.0005135,"Choreography of the Transcriptome, Photophysiology, and Cell Cycle of a Minimal Photoautotroph, Prochlorococcus",MED4 diel gene expression profiling over 48h light-dark cycle,Simulated diel light-dark cycle (14h light : 10h dark) over 48 hours,Time-series — each timepoint vs mean expression
10.1038/nature06130_viral_phage_infected_med4_microarray,Prochlorococcus MED4,viral,light,MICROARRAY,whole_cell,significant_only,Upregulated genes only,True,Phage,360,45,117,0,infected,10.1038/nature06130,Genome-wide expression dynamics of a marine virus and host reveal features of co-evolution,MED4 Phage infected vs Pro99 medium phage infection baseline (MICROARRAY),Phage infected,Pro99 medium phage infection baseline
10.1021/pr060460c_light_HL_vs_LL_med4_proteomics,Prochlorococcus MED4,light,axenic | diel,PROTEOMICS,whole_cell,all_detected_genes,All proteins quantified in either iTRAQ1 or iTRAQ2 are reported (~184 unique proteins; ~11% of MED4 coding genes); only ~15 reach the paper^s combined logFC + p-value + error-factor + relative-variance significance criteria.,False,,179,179,11,5,acclimated_steady_state,10.1021/pr060460c,A Quantitative Proteomic Analysis of Light Adaptation in a Globally Significant Marine Cyanobacterium Prochlorococcus marinus MED4,MED4 proteomics: high light (100 uE) vs low light (20 uE) (iTRAQ),High light (100 umol photons m-2 s-1),Low light (20 umol photons m-2 s-1)
10.1021/pr060460c_light_ML_vs_LL_med4_proteomics,Prochlorococcus MED4,light,axenic | diel,PROTEOMICS,whole_cell,all_detected_genes,All proteins quantified in either iTRAQ1 or iTRAQ2 are reported (~184 unique proteins; ~11% of MED4 coding genes).,False,,178,178,12,6,acclimated_steady_state,10.1021/pr060460c,A Quantitative Proteomic Analysis of Light Adaptation in a Globally Significant Marine Cyanobacterium Prochlorococcus marinus MED4,MED4 proteomics: medium light (60 uE) vs low light (20 uE) (iTRAQ),Medium light (60 umol photons m-2 s-1),Low light (20 umol photons m-2 s-1)
10.1128/JB.01097-06_light_stress_blue_light_13_umol_med4_microarray,Prochlorococcus MED4,light,axenic,MICROARRAY,whole_cell,filtered_subset,"Genes significant in any of 6 light conditions, all conditions in single table",False,,198,198,64,40,acute_stress,10.1128/JB.01097-06,Genome-Wide Analysis of Light Sensing in Prochlorococcus/H17188,MED4 Blue light (13 umol photons m-2 s-1) vs Darkness control (MICROARRAY),Blue light (13 umol photons m-2 s-1),Darkness control
10.1128/JB.01097-06_light_stress_dcmu_white_light_13_med4_microarray,Prochlorococcus MED4,light,axenic | chemical,MICROARRAY,whole_cell,filtered_subset,"Genes significant in any of 6 light conditions, all conditions in single table",False,,198,198,2,7,acute_stress,10.1128/JB.01097-06,Genome-Wide Analysis of Light Sensing in Prochlorococcus/H17188,MED4 DCMU + white light (13 umol photons m-2 s-1) vs White light (13 umol photons m-2 s-1) (MICROARRAY),DCMU + white light (13 umol photons m-2 s-1),White light (13 umol photons m-2 s-1)
10.1128/JB.01097-06_light_stress_green_light_13_umol_med4_microarray,Prochlorococcus MED4,light,axenic,MICROARRAY,whole_cell,filtered_subset,"Genes significant in any of 6 light conditions, all conditions in single table",False,,198,198,1,1,acute_stress,10.1128/JB.01097-06,Genome-Wide Analysis of Light Sensing in Prochlorococcus/H17188,MED4 Green light (13 umol photons m-2 s-1) vs Darkness control (MICROARRAY),Green light (13 umol photons m-2 s-1),Darkness control
10.1038/msb4100087_growth_medium_growth_on_cyanate_as_med4_microarray,Prochlorococcus MED4,nitrogen,axenic | light,MICROARRAY,whole_cell,all_detected_genes,,False,,1697,1697,20,23,exponential,10.1038/msb4100087,Global gene expression of Prochlorococcus ecotypes in response to changes in nitrogen availability,MED4 Growth on cyanate as sole N source (MED4) vs N-replete Pro99 medium (MED4) (MICROARRAY),Growth on cyanate as sole N source (MED4),N-replete Pro99 medium (MED4)
10.1038/msb4100087_growth_medium_growth_on_urea_as_med4_microarray,Prochlorococcus MED4,nitrogen,axenic | light,MICROARRAY,whole_cell,all_detected_genes,,False,,1697,1697,18,14,exponential,10.1038/msb4100087,Global gene expression of Prochlorococcus ecotypes in response to changes in nitrogen availability,MED4 Growth on urea as sole N source (MED4) vs N-replete Pro99 medium (MED4) (MICROARRAY),Growth on urea as sole N source (MED4),N-replete Pro99 medium (MED4)
10.1128/JB.01097-06_light_stress_high_white_light_55_med4_microarray,Prochlorococcus MED4,light,axenic,MICROARRAY,whole_cell,filtered_subset,"Genes significant in any of 6 light conditions, all conditions in single table",False,,198,198,115,59,acute_stress,10.1128/JB.01097-06,Genome-Wide Analysis of Light Sensing in Prochlorococcus/H17188,MED4 High white light (55 umol photons m-2 s-1) vs Darkness control (MICROARRAY),High white light (55 umol photons m-2 s-1),Darkness control
10.1038/msb4100087_nitrogen_nitrogen_deprivation_med4_med4_microarray,Prochlorococcus MED4,nitrogen,axenic | light,MICROARRAY,whole_cell,all_detected_genes,,True,,10182,1697,392,476,acute_stress,10.1038/msb4100087,Global gene expression of Prochlorococcus ecotypes in response to changes in nitrogen availability,MED4 Nitrogen deprivation (MED4) vs N-replete Pro99 medium (MED4) (MICROARRAY),Nitrogen deprivation (MED4),N-replete Pro99 medium (MED4)
10.1073/pnas.0601301103_phosphorus_phosphate_starvation_med4_microarray,Prochlorococcus MED4,phosphorus,axenic | light,MICROARRAY,whole_cell,filtered_subset,"Genes with q < 0.05 at t=48h, all timepoints reported",True,,170,34,48,6,nutrient_limited | acute_stress | exponential,10.1073/pnas.0601301103,Phosphate acquisition genes in Prochlorococcus ecotypes: Evidence for genome-wide adaptation,MED4 Phosphate starvation vs P-replete Pro99 medium (MICROARRAY),Phosphate starvation,P-replete Pro99 medium
10.1128/JB.01097-06_light_stress_red_light_13_umol_med4_microarray,Prochlorococcus MED4,light,axenic,MICROARRAY,whole_cell,filtered_subset,"Genes significant in any of 6 light conditions, all conditions in single table",False,,198,198,22,3,acute_stress,10.1128/JB.01097-06,Genome-Wide Analysis of Light Sensing in Prochlorococcus/H17188,MED4 Red light (13 umol photons m-2 s-1) vs Darkness control (MICROARRAY),Red light (13 umol photons m-2 s-1),Darkness control
10.1128/JB.01097-06_light_stress_white_light_13_umol_med4_microarray,Prochlorococcus MED4,light,axenic,MICROARRAY,whole_cell,filtered_subset,"Genes significant in any of 6 light conditions, all conditions in single table",False,,198,198,69,3,acute_stress,10.1128/JB.01097-06,Genome-Wide Analysis of Light Sensing in Prochlorococcus/H17188,MED4 White light (13 umol photons m-2 s-1) vs Darkness control (MICROARRAY),White light (13 umol photons m-2 s-1),Darkness control
10.1038/msb4100087_growth_medium_growth_on_nitrite_as_mit9313_microarray,Prochlorococcus MIT9313,nitrogen,axenic | light,MICROARRAY,whole_cell,all_detected_genes,,False,,2241,2241,12,8,exponential,10.1038/msb4100087,Global gene expression of Prochlorococcus ecotypes in response to changes in nitrogen availability,MIT9313 Growth on nitrite as sole N source (MIT9313) vs N-replete Pro99 medium (MIT9313) (MICROARRAY),Growth on nitrite as sole N source (MIT9313),N-replete Pro99 medium (MIT9313)
10.1038/msb4100087_growth_medium_growth_on_urea_as_mit9313_microarray,Prochlorococcus MIT9313,nitrogen,axenic | light,MICROARRAY,whole_cell,all_detected_genes,,False,,2241,2241,49,61,exponential,10.1038/msb4100087,Global gene expression of Prochlorococcus ecotypes in response to changes in nitrogen availability,MIT9313 Growth on urea as sole N source (MIT9313) vs N-replete Pro99 medium (MIT9313) (MICROARRAY),Growth on urea as sole N source (MIT9313),N-replete Pro99 medium (MIT9313)
10.1038/msb4100087_nitrogen_nitrogen_deprivation_mit9313_mit9313_microarray,Prochlorococcus MIT9313,nitrogen,axenic | light,MICROARRAY,whole_cell,all_detected_genes,,True,,13446,2241,305,604,acute_stress,10.1038/msb4100087,Global gene expression of Prochlorococcus ecotypes in response to changes in nitrogen availability,MIT9313 Nitrogen deprivation (MIT9313) vs N-replete Pro99 medium (MIT9313) (MICROARRAY),Nitrogen deprivation (MIT9313),N-replete Pro99 medium (MIT9313)
10.1073/pnas.0601301103_phosphorus_phosphate_starvation_mit9313_microarray,Prochlorococcus MIT9313,phosphorus,axenic | light,MICROARRAY,whole_cell,filtered_subset,"Genes with q < 0.05 at t=48h, all timepoints reported",True,,708,177,39,143,acute_stress | exponential,10.1073/pnas.0601301103,Phosphate acquisition genes in Prochlorococcus ecotypes: Evidence for genome-wide adaptation,MIT9313 Phosphate starvation vs P-replete Pro99 medium (MICROARRAY),Phosphate starvation,P-replete Pro99 medium
